date,season,team,home/visitor,opponent,score,opponentScore,moneyLine,opponentMoneyLine,total,spread,secondHalfTotal,win,team_prob,opp_prob,model_prob,decimal_odds,edge,payoff_if_win,ev_market,ev_model,realized_return
2016-02-24,2016,Denver,@,LA Clippers,87,81,600.0,-900.0,214.0,11.0,108.0,1,0.14285714285714285,0.9,0.16519048691998334,7.0,0.022333344062840488,6.0,-1.1102230246251565e-16,0.15633340843988341,6.0
2012-01-27,2012,Charlotte,@,Philadelphia,72,89,1495.0,-3295.0,182.0,15.5,89.5,0,0.06269592476489028,0.9705449189985272,0.10270676144459823,15.95,0.04001083667970795,14.95,-1.1102230246251565e-16,0.6381728450413418,-1.0
2016-01-06,2016,Utah,@,San Antonio,98,123,1100.0,-2500.0,183.5,13.5,95.5,0,0.08333333333333333,0.9615384615384616,0.12364455479387297,12.0,0.04031122146053964,11.0,0.0,0.4837346575264756,-1.0
2018-11-28,2019,Chicago,@,Milwaukee,113,116,1100.0,-2500.0,230.0,15.0,117.5,0,0.08333333333333333,0.9615384615384616,0.11070034719222996,12.0,0.02736701385889663,11.0,0.0,0.3284041663067595,-1.0
2019-01-16,2019,Cleveland,@,Portland,112,129,950.0,-1800.0,217.5,14.0,112.5,0,0.09523809523809523,0.9473684210526315,0.12200892275766236,10.5,0.026770827519567122,9.5,-1.1102230246251565e-16,0.2810936889554547,-1.0
2011-01-21,2011,Toronto,@,Orlando,72,112,950.0,-1500.0,207.0,12.5,103.0,0,0.09523809523809523,0.9375,0.13833834198483652,10.5,0.04310024674674129,9.5,-1.1102230246251565e-16,0.4525525908407835,-1.0
2011-01-07,2011,Toronto,@,Boston,102,122,450.0,-600.0,200.5,9.0,98.0,0,0.18181818181818182,0.8571428571428571,0.20217626812696232,5.5,0.0203580863087805,4.5,1.1102230246251565e-16,0.11196947469829277,-1.0
2009-01-22,2009,Washington,@,LA Lakers,97,117,1100.0,-1600.0,208.5,14.0,104.0,0,0.08333333333333333,0.9411764705882353,0.12132762528250368,12.0,0.03799429194917035,11.0,0.0,0.4559315033900442,-1.0
2008-02-22,2008,Milwaukee,@,Detroit,100,127,850.0,-1300.0,190.5,12.5,94.5,0,0.10526315789473684,0.9285714285714286,0.1395656441724116,9.5,0.034302486277674765,8.5,-1.1102230246251565e-16,0.3258736196379102,-1.0
2016-11-14,2017,Philadelphia,@,Houston,88,115,650.0,-1000.0,216.0,11.0,104.5,0,0.13333333333333333,0.9090909090909091,0.163222922474817,7.5,0.02988958914148368,6.5,0.0,0.2241719185611275,-1.0
2015-12-23,2016,LA Lakers,vs,Oklahoma City,85,120,1100.0,-2500.0,207.0,14.0,103.5,0,0.08333333333333333,0.9615384615384616,0.11944174943406514,12.0,0.036108416100731816,11.0,0.0,0.4333009932087817,-1.0
2019-02-09,2019,LA Clippers,@,Boston,123,112,700.0,-1100.0,229.5,11.5,111.5,1,0.125,0.9166666666666666,0.15583794811311805,8.0,0.030837948113118047,7.0,0.0,0.24670358490494437,7.0
2016-04-01,2016,Boston,@,Golden State,109,106,650.0,-1000.0,221.0,11.5,114.0,1,0.13333333333333333,0.9090909090909091,0.15718600153550688,7.5,0.02385266820217355,6.5,0.0,0.17889501151630172,6.5
2008-03-28,2008,LA Clippers,@,Utah,101,121,1750.0,-3500.0,207.0,16.5,102.5,0,0.05405405405405406,0.9722222222222222,0.09442752921104063,18.5,0.04037347515698657,17.5,1.1102230246251565e-16,0.7469092904042516,-1.0
2012-01-07,2012,New Orleans,@,Dallas,81,96,700.0,-1000.0,180.0,11.5,89.5,0,0.125,0.9090909090909091,0.15475168915333978,8.0,0.029751689153339783,7.0,0.0,0.23801351322671827,-1.0
2019-01-11,2019,Chicago,@,Golden State,109,146,1100.0,-2500.0,221.0,15.5,112.5,0,0.08333333333333333,0.9615384615384616,0.1059634878796872,12.0,0.022630154546353864,11.0,0.0,0.27156185455624626,-1.0
2013-03-30,2013,Orlando,@,Atlanta,88,97,560.0,-750.0,202.5,10.5,100.5,0,0.15151515151515152,0.8823529411764706,0.17428051359391,6.6,0.022765362078758483,5.6,0.0,0.150251389719806,-1.0
2012-01-11,2012,New Jersey,@,Denver,115,123,745.0,-1145.0,198.5,12.0,99.0,0,0.11834319526627218,0.9196787148594378,0.14770557364751283,8.45,0.029362378381240645,7.449999999999999,-2.220446049250313e-16,0.2481120973214832,-1.0
2010-02-06,2010,New York,@,Cleveland,106,113,800.0,-1200.0,201.0,12.5,99.0,0,0.1111111111111111,0.9230769230769231,0.14103969612649492,9.0,0.029928585015383813,8.0,0.0,0.26935726513845426,-1.0
2020-01-13,2020,Cleveland,@,LA Lakers,99,128,876.0,-1500.0,222.0,14.0,112.5,0,0.10245901639344263,0.9375,0.12364645688147449,9.76,0.021187440488031867,8.76,1.1102230246251565e-16,0.20678941916319105,-1.0
2008-02-04,2008,Charlotte,@,Phoenix,104,118,1150.0,-1900.0,220.0,14.0,105.0,0,0.08,0.95,0.12062445963164765,12.5,0.04062445963164765,11.5,0.0,0.5078057453955958,-1.0
2009-03-03,2009,Memphis,@,LA Lakers,89,99,1400.0,-2500.0,208.0,15.0,104.0,0,0.06666666666666667,0.9615384615384616,0.10883234920219804,15.0,0.04216568253553138,14.0,0.0,0.6324852380329706,-1.0
2019-02-09,2019,New York,vs,Toronto,99,104,1000.0,-2000.0,215.5,13.5,105.5,0,0.09090909090909091,0.9523809523809523,0.12616387694070924,11.0,0.03525478603161833,10.0,1.1102230246251565e-16,0.3878026463478015,-1.0
2008-11-26,2009,New York,@,Detroit,96,110,1050.0,-1500.0,208.5,13.0,104.0,0,0.08695652173913043,0.9375,0.13223712645156702,11.5,0.045280604712436584,10.5,-1.1102230246251565e-16,0.5207269541930207,-1.0
2008-12-26,2009,Golden State,vs,Boston,99,89,650.0,-900.0,210.0,11.5,104.0,1,0.13333333333333333,0.9,0.15777991837248173,7.5,0.0244465850391484,6.5,0.0,0.18334938779361298,6.5
2015-04-05,2015,LA Lakers,vs,LA Clippers,78,106,1000.0,-2000.0,210.0,14.0,103.0,0,0.09090909090909091,0.9523809523809523,0.12096604174943006,11.0,0.030056950840339144,10.0,1.1102230246251565e-16,0.3306264592437307,-1.0
2012-04-13,2012,Sacramento,@,Oklahoma City,89,115,1075.0,-1600.0,213.0,13.5,105.0,0,0.0851063829787234,0.9411764705882353,0.1266536351915675,11.75,0.041547252212844096,10.75,0.0,0.4881802135009181,-1.0
2015-12-29,2016,Milwaukee,@,Oklahoma City,123,131,1000.0,-2000.0,206.5,13.5,103.0,0,0.09090909090909091,0.9523809523809523,0.12586869630850123,11.0,0.034959605399410315,10.0,1.1102230246251565e-16,0.3845556593935133,-1.0
2008-03-26,2008,New Orleans,@,Cleveland,100,99,1150.0,-1900.0,207.5,13.5,101.5,1,0.08,0.95,0.1252213663789604,12.5,0.04522136637896039,11.5,0.0,0.5652670797370049,11.5
2010-12-03,2011,Minnesota,@,San Antonio,101,107,800.0,-1200.0,210.0,12.0,102.5,0,0.1111111111111111,0.9230769230769231,0.14708659107917563,9.0,0.03597547996806452,8.0,0.0,0.32377931971258067,-1.0
2019-03-29,2019,Washington,@,Utah,124,128,850.0,-1500.0,226.0,13.0,110.5,0,0.10526315789473684,0.9375,0.13443417395685195,9.5,0.029171016062115113,8.5,-1.1102230246251565e-16,0.27712465259009345,-1.0
2018-10-29,2019,Atlanta,@,Philadelphia,92,113,650.0,-1000.0,231.0,11.0,113.5,0,0.13333333333333333,0.9090909090909091,0.16383393595131332,7.5,0.03050060261797999,6.5,0.0,0.22875451963484983,-1.0
2010-11-26,2011,Philadelphia,@,Miami,90,99,600.0,-800.0,196.0,11.0,96.5,0,0.14285714285714285,0.8888888888888888,0.16575864828082218,7.0,0.02290150542367933,6.0,-1.1102230246251565e-16,0.16031053796575523,-1.0
2016-03-18,2016,Philadelphia,vs,Oklahoma City,97,111,1500.0,-3500.0,220.0,15.5,106.0,0,0.0625,0.9722222222222222,0.10360769239523954,16.0,0.04110769239523954,15.0,0.0,0.6577230783238326,-1.0
2016-11-29,2017,Orlando,@,San Antonio,95,83,800.0,-1400.0,194.5,12.5,95.5,1,0.1111111111111111,0.9333333333333333,0.13975061672492198,9.0,0.028639505613810873,8.0,0.0,0.25775555052429777,8.0
2014-03-19,2014,Orlando,@,Phoenix,93,109,725.0,-1025.0,210.0,12.5,103.5,0,0.12121212121212122,0.9111111111111111,0.14354140531890625,8.25,0.02232928410678503,7.25,0.0,0.18421659388097644,-1.0
2010-12-07,2011,Washington,@,LA Lakers,108,115,1250.0,-2200.0,209.0,13.5,106.0,0,0.07407407407407407,0.9565217391304348,0.12417549297130448,13.5,0.05010141889723041,12.5,-1.1102230246251565e-16,0.6763691551126104,-1.0
2014-03-24,2014,Milwaukee,@,LA Clippers,98,106,1670.0,-3170.0,213.5,17.0,105.5,0,0.05649717514124294,0.9694189602446484,0.09104585839326002,17.7,0.03454868325201708,16.7,0.0,0.6115116935607023,-1.0
2011-02-16,2011,Sacramento,@,Dallas,100,116,600.0,-800.0,204.5,11.0,100.5,0,0.14285714285714285,0.8888888888888888,0.1661089721252323,7.0,0.02325182926808944,6.0,-1.1102230246251565e-16,0.16276280487662598,-1.0
2016-03-30,2016,New Orleans,@,San Antonio,92,100,2500.0,-10000.0,196.5,19.0,97.0,0,0.038461538461538464,0.9900990099009901,0.07428317895693932,26.0,0.03582164049540086,25.0,0.0,0.9313626528804224,-1.0
2013-01-09,2013,Minnesota,@,Oklahoma City,84,106,800.0,-1250.0,202.0,12.5,100.0,0,0.1111111111111111,0.9259259259259259,0.14078165562183823,9.0,0.02967054451072712,8.0,0.0,0.267034900596544,-1.0
2018-03-29,2018,Chicago,@,Miami,92,103,900.0,-1600.0,208.5,13.0,102.5,0,0.1,0.9411764705882353,0.13300769641830865,10.0,0.03300769641830864,9.0,0.0,0.3300769641830865,-1.0
2012-12-21,2013,New Orleans,@,San Antonio,94,99,1050.0,-1850.0,195.5,13.5,97.0,0,0.08695652173913043,0.9487179487179487,0.12552448619838663,11.5,0.0385679644592562,10.5,-1.1102230246251565e-16,0.44353159128144637,-1.0
2013-12-02,2014,Atlanta,@,San Antonio,100,102,670.0,-1000.0,199.0,12.0,99.5,0,0.12987012987012986,0.9090909090909091,0.1499690906761185,7.7,0.020098960805988636,6.7,0.0,0.15476199820611247,-1.0
2008-12-22,2009,Sacramento,@,San Antonio,85,101,900.0,-1400.0,197.0,13.0,97.5,0,0.1,0.9333333333333333,0.13338446603243742,10.0,0.033384466032437415,9.0,0.0,0.3338446603243743,-1.0
2016-11-25,2017,Dallas,@,Cleveland,90,128,800.0,-1400.0,201.0,13.0,98.5,0,0.1111111111111111,0.9333333333333333,0.13449434379320907,9.0,0.023383232682097965,8.0,0.0,0.2104490941388817,-1.0
2015-04-02,2015,Phoenix,@,Golden State,106,107,760.0,-1060.0,210.0,12.5,103.5,0,0.11627906976744186,0.9137931034482759,0.1428046145755684,8.6,0.026525544808126536,7.6,-1.1102230246251565e-16,0.22811968534988813,-1.0
2008-04-09,2008,Milwaukee,@,Toronto,93,111,1200.0,-2000.0,204.5,14.0,101.0,0,0.07692307692307693,0.9523809523809523,0.11967664825559975,13.0,0.04275357133252282,12.0,0.0,0.5557964273227967,-1.0
2021-05-14,2021,Orlando,@,Philadelphia,97,122,900.0,-1600.0,213.5,14.0,109.0,0,0.1,0.9411764705882353,0.12283389503097313,10.0,0.02283389503097312,9.0,0.0,0.22833895030973128,-1.0
2009-01-04,2009,Portland,@,LA Lakers,86,100,650.0,-900.0,200.0,11.0,102.0,0,0.13333333333333333,0.9,0.16363133881351674,7.5,0.03029800548018341,6.5,0.0,0.2272350411013756,-1.0
2018-04-11,2018,Memphis,@,Oklahoma City,123,137,1500.0,-5000.0,211.5,16.5,103.5,0,0.0625,0.9803921568627451,0.0944909065749941,16.0,0.031990906574994094,15.0,0.0,0.5118545051999055,-1.0
2016-03-14,2016,New Orleans,@,Golden State,107,125,1600.0,-6000.0,231.5,16.0,114.0,0,0.058823529411764705,0.9836065573770492,0.09857262120048133,17.0,0.03974909178871662,16.0,0.0,0.6757345604081826,-1.0
2018-11-05,2019,Memphis,@,Golden State,101,117,1000.0,-2000.0,221.0,14.0,111.5,0,0.09090909090909091,0.9523809523809523,0.1213147935715881,11.0,0.03040570266249719,10.0,1.1102230246251565e-16,0.3344627292874691,-1.0
2009-11-11,2010,Utah,@,Boston,86,105,600.0,-800.0,190.0,10.5,97.5,0,0.14285714285714285,0.8888888888888888,0.17201518069041707,7.0,0.029158037833274225,6.0,-1.1102230246251565e-16,0.2041062648329195,-1.0
2011-03-17,2011,Cleveland,@,Portland,70,111,1200.0,-3000.0,192.0,14.0,93.0,0,0.07692307692307693,0.967741935483871,0.11791579288762694,13.0,0.04099271596455001,12.0,0.0,0.5329053075391501,-1.0
2008-04-04,2008,Minnesota,@,Phoenix,88,117,1700.0,-2700.0,219.0,16.0,109.0,0,0.05555555555555555,0.9642857142857143,0.09949064719418917,18.0,0.043935091638633614,17.0,0.0,0.7908316494954051,-1.0
2013-01-06,2013,Washington,@,Miami,71,99,1550.0,-1900.0,191.5,14.0,94.5,0,0.06060606060606061,0.95,0.11819465699551651,16.5,0.057588596389455904,15.5,0.0,0.9502118404260225,-1.0
2010-12-26,2011,Washington,@,San Antonio,80,94,1000.0,-1700.0,201.0,13.5,100.0,0,0.09090909090909091,0.9444444444444444,0.12643418306393417,11.0,0.03552509215484326,10.0,1.1102230246251565e-16,0.39077601370327586,-1.0
2009-02-01,2009,Minnesota,@,Boston,101,109,600.0,-800.0,195.5,11.0,100.5,0,0.14285714285714285,0.8888888888888888,0.16573805944428302,7.0,0.02288091658714017,6.0,-1.1102230246251565e-16,0.16016641610998117,-1.0
2008-12-28,2009,Golden State,@,LA Lakers,113,130,1200.0,-1800.0,218.0,14.5,107.5,0,0.07692307692307693,0.9473684210526315,0.11572351634668515,13.0,0.038800439423608224,12.0,0.0,0.504405712506907,-1.0
2013-01-30,2013,Charlotte,@,San Antonio,78,102,1495.0,-2295.0,204.5,14.5,100.0,0,0.06269592476489028,0.9582463465553236,0.11328790256653597,15.95,0.05059197780164569,14.95,-1.1102230246251565e-16,0.8069420459362485,-1.0
2021-03-27,2021,New Orleans,vs,Dallas,112,103,-190.0,170.0,224.0,-5.5,108.5,1,0.6551724137931034,0.37037037037037035,0.6793468419037396,1.526315789473684,0.024174428110636192,0.5263157894736841,-1.1102230246251565e-16,0.0368978113267604,0.5263157894736841
2012-03-10,2012,Charlotte,@,Oklahoma City,95,122,2005.0,-4405.0,197.0,17.5,94.0,0,0.047505938242280284,0.9778024417314095,0.08579164383630132,21.05,0.03828570559402104,20.05,0.0,0.8059141027541428,-1.0
2009-03-06,2009,Washington,@,San Antonio,78,100,800.0,-1200.0,186.5,13.0,95.0,0,0.1111111111111111,0.9230769230769231,0.1350106003611039,9.0,0.0238994892499928,8.0,0.0,0.21509540324993515,-1.0
2016-02-09,2016,Houston,@,Golden State,110,123,1200.0,-3000.0,228.0,14.0,112.5,0,0.07692307692307693,0.967741935483871,0.11903543299124716,13.0,0.04211235606817024,12.0,0.0,0.547460628886213,-1.0
2014-11-26,2015,Indiana,@,San Antonio,100,106,900.0,-1400.0,187.0,13.0,98.0,0,0.1,0.9333333333333333,0.1330406128698022,10.0,0.0330406128698022,9.0,0.0,0.3304061286980221,-1.0
2014-04-11,2014,New Orleans,@,Oklahoma City,94,116,1500.0,-3500.0,204.5,15.5,104.0,0,0.0625,0.9722222222222222,0.10317979202015805,16.0,0.04067979202015805,15.0,0.0,0.6508766723225288,-1.0
2012-01-25,2012,New Orleans,@,Oklahoma City,91,101,750.0,-1200.0,186.5,11.5,92.0,0,0.11764705882352941,0.9230769230769231,0.1527306737187801,8.5,0.03508361489525069,7.5,0.0,0.298210726609631,-1.0
2009-11-18,2010,Golden State,@,Boston,95,109,1650.0,-2600.0,211.0,16.0,105.5,0,0.05714285714285714,0.9629629629629629,0.09948547524708182,17.5,0.042342618104224676,16.5,0.0,0.7409958168239318,-1.0
2018-11-21,2019,New York,@,Boston,117,109,1000.0,-2000.0,215.5,14.5,107.0,1,0.09090909090909091,0.9523809523809523,0.11629014970346202,11.0,0.02538105879437111,10.0,1.1102230246251565e-16,0.2791916467380824,10.0
2015-03-28,2015,New York,@,Chicago,80,111,1810.0,-4310.0,190.0,17.5,93.0,0,0.05235602094240838,0.9773242630385488,0.08594704484230073,19.1,0.03359102389989235,18.1,0.0,0.641588556487944,-1.0
2014-12-21,2015,Boston,@,Miami,84,100,-136.0,116.0,197.5,-3.5,102.0,0,0.576271186440678,0.46296296296296297,0.6032395705314425,1.7352941176470589,0.02696838409076452,0.7352941176470589,5.551115123125783e-17,0.04679807827515026,-1.0
2018-03-27,2018,Chicago,@,Houston,86,118,900.0,-1600.0,213.0,13.5,109.0,0,0.1,0.9411764705882353,0.12790086248672894,10.0,0.027900862486728933,9.0,0.0,0.2790086248672895,-1.0
2017-03-11,2017,Philadelphia,@,LA Clippers,100,112,1100.0,-2500.0,214.0,14.5,105.5,0,0.08333333333333333,0.9615384615384616,0.11486248899676743,12.0,0.0315291556634341,11.0,0.0,0.37834986796120906,-1.0
2012-02-20,2012,New Orleans,@,Oklahoma City,93,101,550.0,-750.0,186.5,10.5,89.0,0,0.15384615384615385,0.8823529411764706,0.17384816277447435,6.5,0.02000200892832049,5.5,1.1102230246251565e-16,0.13001305803408325,-1.0
2007-12-21,2008,LA Clippers,@,Dallas,89,102,700.0,-1000.0,194.0,11.5,95.5,0,0.125,0.9090909090909091,0.15529780928418632,8.0,0.030297809284186322,7.0,0.0,0.24238247427349058,-1.0
2019-10-28,2020,Charlotte,@,LA Clippers,96,111,1200.0,-3000.0,228.0,15.5,111.5,0,0.07692307692307693,0.967741935483871,0.1052044114842234,13.0,0.028281334561146468,12.0,0.0,0.36765734929490423,-1.0
2008-02-08,2008,Memphis,@,Dallas,81,92,800.0,-1200.0,201.0,12.0,97.5,0,0.1111111111111111,0.9230769230769231,0.14675067933090888,9.0,0.035639568219797774,8.0,0.0,0.32075611397817994,-1.0
2012-03-13,2012,Washington,@,Dallas,98,107,900.0,-1500.0,200.0,12.5,98.5,0,0.1,0.9375,0.13851789745981025,10.0,0.03851789745981024,9.0,0.0,0.38517897459810246,-1.0
2016-02-03,2016,New Orleans,@,San Antonio,97,110,800.0,-1400.0,206.5,12.5,103.0,0,0.1111111111111111,0.9333333333333333,0.14018078051055696,9.0,0.029069669399445858,8.0,0.0,0.26162702459501264,-1.0
2009-04-08,2009,Oklahoma City,@,Denver,112,122,900.0,-1500.0,209.5,13.0,102.5,0,0.1,0.9375,0.13340405247582632,10.0,0.03340405247582631,9.0,0.0,0.3340405247582633,-1.0
2009-11-14,2010,New Jersey,@,Miami,80,81,750.0,-1200.0,178.0,12.5,87.5,0,0.11764705882352941,0.9230769230769231,0.14080704543108183,8.5,0.02315998660755242,7.5,0.0,0.19685988616419559,-1.0
2015-11-22,2016,Denver,vs,Golden State,105,118,750.0,-1050.0,210.0,12.5,103.0,0,0.11764705882352941,0.9130434782608695,0.14300923273405475,8.5,0.025362173910525337,7.5,0.0,0.2155784782394653,-1.0
2014-02-10,2014,Philadelphia,@,Golden State,80,123,1350.0,-2300.0,215.0,15.0,104.5,0,0.06896551724137931,0.9583333333333334,0.10946932320150826,14.5,0.04050380596012895,13.5,0.0,0.5873051864218699,-1.0
2018-11-14,2019,Chicago,@,Boston,82,111,800.0,-1400.0,213.0,13.0,110.0,0,0.1111111111111111,0.9333333333333333,0.13491086569363997,9.0,0.023799754582528865,8.0,0.0,0.21419779124275973,-1.0
2009-11-06,2010,Atlanta,@,Charlotte,83,103,-7.5,120.0,180.5,-2.5,91.5,0,0.06976744186046512,0.45454545454545453,0.48663016081743843,14.333333333333334,0.4168627189569733,13.333333333333334,0.0,5.975032305049951,-1.0
2008-04-08,2008,New York,@,Detroit,98,94,650.0,-900.0,193.5,11.0,95.5,1,0.13333333333333333,0.9,0.16336660446895976,7.5,0.030033271135626427,6.5,0.0,0.22524953351719812,6.5
2016-01-02,2016,Philadelphia,@,LA Clippers,99,130,900.0,-1600.0,203.5,13.5,102.0,0,0.1,0.9411764705882353,0.12758563707727721,10.0,0.02758563707727721,9.0,0.0,0.27585637077277214,-1.0
2008-11-25,2009,New Jersey,@,LA Lakers,93,120,1050.0,-1600.0,210.0,13.5,107.5,0,0.08695652173913043,0.9411764705882353,0.1267091136568829,11.5,0.03975259191775246,10.5,-1.1102230246251565e-16,0.45715480705415323,-1.0
2013-03-01,2013,Sacramento,@,San Antonio,102,130,1395.0,-2045.0,215.5,14.5,106.0,0,0.06688963210702341,0.9533799533799534,0.11435577654753976,14.95,0.04746614444051635,13.95,-1.1102230246251565e-16,0.7096188593857193,-1.0
2008-03-28,2008,Memphis,@,LA Lakers,114,111,1100.0,-1800.0,216.0,13.5,109.5,1,0.08333333333333333,0.9473684210526315,0.126021915220619,12.0,0.04268858188728568,11.0,0.0,0.5122629826474281,11.0
2008-01-11,2008,Milwaukee,@,LA Lakers,105,110,1350.0,-2300.0,208.0,14.5,105.0,0,0.06896551724137931,0.9583333333333334,0.11386123086740085,14.5,0.044895713626021544,13.5,0.0,0.6509878475773124,-1.0
2010-12-15,2011,Minnesota,@,Phoenix,122,128,530.0,-670.0,223.5,10.0,110.0,0,0.15873015873015872,0.8701298701298701,0.18435614351917037,6.3,0.025625984789011652,5.3,-1.1102230246251565e-16,0.16144370417077336,-1.0
2018-03-10,2018,Orlando,@,LA Clippers,105,113,650.0,-1000.0,217.0,11.5,106.5,0,0.13333333333333333,0.9090909090909091,0.1570282608427063,7.5,0.023694927509372965,6.5,0.0,0.17771195632029713,-1.0
2020-01-12,2020,Toronto,vs,San Antonio,104,105,-160.0,140.0,220.0,-5.0,112.5,0,0.6153846153846154,0.4166666666666667,0.6533374140789495,1.625,0.0379527986943341,0.625,5.551115123125783e-17,0.061673297878292954,-1.0
2008-03-30,2008,New York,@,Atlanta,109,114,900.0,-1300.0,204.0,13.5,100.0,0,0.1,0.9285714285714286,0.1288035342926323,10.0,0.0288035342926323,9.0,0.0,0.28803534292632316,-1.0
2019-03-10,2019,Phoenix,@,Golden State,115,111,1500.0,-5000.0,234.0,17.0,114.5,1,0.0625,0.9803921568627451,0.0911512909338275,16.0,0.028651290933827497,15.0,0.0,0.45842065494123996,15.0
2009-04-13,2009,Oklahoma City,@,Portland,83,113,775.0,-1100.0,195.0,12.5,95.0,0,0.11428571428571428,0.9166666666666666,0.14177699953803838,8.75,0.027491285252324096,7.75,0.0,0.24054874595783582,-1.0
2016-04-05,2016,Phoenix,@,Atlanta,90,103,1300.0,-3500.0,205.0,15.0,108.0,0,0.07142857142857142,0.9722222222222222,0.10821187187478758,14.0,0.03678330044621615,13.0,-1.1102230246251565e-16,0.5149662062470259,-1.0
2009-03-07,2009,Oklahoma City,@,New Orleans,90,108,1000.0,-1400.0,188.5,13.0,92.5,0,0.09090909090909091,0.9333333333333333,0.13230335256225798,11.0,0.041394261653167064,10.0,1.1102230246251565e-16,0.4553368781848378,-1.0
2016-03-29,2016,Philadelphia,vs,Charlotte,85,100,650.0,-1000.0,210.0,11.5,103.0,0,0.13333333333333333,0.9090909090909091,0.15675252460913783,7.5,0.023419191275804496,6.5,0.0,0.17564393456853378,-1.0
2018-02-11,2018,Dallas,@,Houston,97,104,1000.0,-2000.0,214.5,15.0,106.0,0,0.09090909090909091,0.9523809523809523,0.11157999404938304,11.0,0.02067090314029213,10.0,1.1102230246251565e-16,0.22737993454321337,-1.0
2008-03-28,2008,New York,@,Toronto,95,103,1750.0,-3500.0,197.0,16.0,96.0,0,0.05405405405405406,0.9722222222222222,0.0982034166364632,18.5,0.044149362582409146,17.5,1.1102230246251565e-16,0.8167632077745692,-1.0
2012-01-04,2012,Sacramento,@,Denver,83,110,650.0,-900.0,209.0,11.0,102.0,0,0.13333333333333333,0.9,0.16399846358575487,7.5,0.03066513025242154,6.5,0.0,0.2299884768931616,-1.0
2019-01-29,2019,New Orleans,@,Houston,121,116,900.0,-1600.0,234.0,13.5,113.0,1,0.1,0.9411764705882353,0.12860003522446803,10.0,0.028600035224468023,9.0,0.0,0.28600035224468034,9.0
2009-04-11,2009,Golden State,@,Utah,118,108,1600.0,-2500.0,226.5,14.5,111.0,1,0.058823529411764705,0.9615384615384616,0.11337078001582482,17.0,0.05454725060406011,16.0,0.0,0.9273032602690219,16.0
2009-11-29,2010,Minnesota,@,Denver,106,100,1280.0,-2100.0,214.5,14.0,105.5,1,0.07246376811594203,0.9545454545454546,0.11944193887428846,13.8,0.04697817075834643,12.8,1.1102230246251565e-16,0.6482987564651808,12.8
2012-02-01,2012,Charlotte,@,Portland,68,112,1380.0,-2180.0,182.5,15.5,89.5,0,0.06756756756756757,0.956140350877193,0.10420046618603038,14.8,0.036632898618462806,13.8,1.1102230246251565e-16,0.5421668995532497,-1.0
2010-03-26,2010,Minnesota,@,Orlando,97,106,2000.0,-4750.0,210.5,15.5,104.0,0,0.047619047619047616,0.979381443298969,0.10175093590526584,21.0,0.05413188828621822,20.0,0.0,1.1367696540105823,-1.0
2016-02-11,2016,New Orleans,@,Oklahoma City,95,121,750.0,-1200.0,218.5,12.0,108.5,0,0.11764705882352941,0.9230769230769231,0.14802477665248254,8.5,0.030377717828953127,7.5,0.0,0.2582106015461014,-1.0
2020-01-15,2020,Charlotte,@,Denver,86,100,711.0,-1100.0,209.5,11.5,102.0,0,0.12330456226880394,0.9166666666666666,0.15488865360852144,8.11,0.0315840913397175,7.109999999999999,-1.1102230246251565e-16,0.2561469807651089,-1.0
2017-10-21,2018,Phoenix,@,LA Clippers,88,130,857.0,-1450.0,220.0,13.5,113.0,0,0.1044932079414838,0.9354838709677419,0.12905710490498784,9.57,0.024563896963504042,8.57,-1.1102230246251565e-16,0.2350764939407337,-1.0
2018-11-16,2019,Chicago,@,Milwaukee,104,123,1000.0,-2000.0,225.5,14.5,117.0,0,0.09090909090909091,0.9523809523809523,0.11659653247896441,11.0,0.0256874415698735,10.0,1.1102230246251565e-16,0.2825618572686086,-1.0
2012-12-09,2013,Phoenix,vs,Orlando,90,98,-165.0,145.0,198.0,-4.5,99.5,0,0.6226415094339622,0.40816326530612246,0.6441787520543523,1.606060606060606,0.02153724262039003,0.606060606060606,-1.1102230246251565e-16,0.03459011693577785,-1.0
2014-01-08,2014,Orlando,@,Portland,94,110,770.0,-1150.0,206.5,12.5,103.5,0,0.11494252873563218,0.92,0.14190814632603982,8.7,0.026965617590407637,7.699999999999999,-1.1102230246251565e-16,0.2346008730365463,-1.0
2021-05-14,2021,Oklahoma City,vs,Utah,93,109,1000.0,-2000.0,221.0,15.0,113.5,0,0.09090909090909091,0.9523809523809523,0.11177202004993994,11.0,0.02086292914084903,10.0,1.1102230246251565e-16,0.22949222054933927,-1.0
2012-03-02,2012,Charlotte,@,San Antonio,72,102,1750.0,-3750.0,197.0,15.0,96.5,0,0.05405405405405406,0.974025974025974,0.10658039051007322,18.5,0.05252633645601916,17.5,1.1102230246251565e-16,0.9717372244363546,-1.0
2008-03-14,2008,Miami,vs,Orlando,94,103,1150.0,-1900.0,203.5,14.0,100.5,0,0.08,0.95,0.1201042246804961,12.5,0.0401042246804961,11.5,0.0,0.5013028085062011,-1.0
2009-02-21,2009,Sacramento,@,Dallas,95,116,900.0,-1400.0,213.0,13.0,105.0,0,0.1,0.9333333333333333,0.13393619486948305,10.0,0.033936194869483044,9.0,0.0,0.3393619486948305,-1.0
2015-03-27,2015,Minnesota,@,Houston,110,120,1000.0,-1800.0,205.5,14.0,101.0,0,0.09090909090909091,0.9473684210526315,0.12127839200456914,11.0,0.030369301095478224,10.0,1.1102230246251565e-16,0.3340623120502605,-1.0
2012-04-25,2012,Charlotte,@,Orlando,95,102,1200.0,-2000.0,185.5,14.5,91.0,0,0.07692307692307693,0.9523809523809523,0.11430336540927495,13.0,0.037380288486198024,12.0,0.0,0.48594375032057446,-1.0
2008-12-30,2009,Washington,@,New Orleans,85,97,1075.0,-1650.0,183.5,14.5,93.0,0,0.0851063829787234,0.9428571428571428,0.11569716502160446,11.75,0.030590782042881057,10.75,0.0,0.3594416890038524,-1.0
2008-12-23,2009,Philadelphia,@,Boston,91,110,900.0,-1400.0,191.5,13.0,95.0,0,0.1,0.9333333333333333,0.1331952538387456,10.0,0.03319525383874558,9.0,0.0,0.33195253838745575,-1.0
2016-01-17,2016,Dallas,@,San Antonio,83,112,750.0,-1200.0,195.5,12.5,96.5,0,0.11764705882352941,0.9230769230769231,0.14143870252468815,8.5,0.023791643701158743,7.5,0.0,0.2022289714598493,-1.0
2016-03-01,2016,Phoenix,@,Charlotte,92,126,800.0,-1400.0,210.0,12.5,108.5,0,0.1111111111111111,0.9333333333333333,0.14030645352655902,9.0,0.02919534241544791,8.0,0.0,0.26275808173903115,-1.0
2009-03-20,2009,Memphis,@,New Orleans,84,96,650.0,-900.0,190.0,11.5,95.5,0,0.13333333333333333,0.9,0.15699008177550966,7.5,0.02365674844217633,6.5,0.0,0.17742561331632234,-1.0
2016-03-06,2016,Philadelphia,@,Miami,98,103,1300.0,-3500.0,210.5,14.0,105.0,0,0.07142857142857142,0.9722222222222222,0.11766082746407065,14.0,0.04623225603549923,13.0,-1.1102230246251565e-16,0.6472515844969893,-1.0
2012-01-23,2012,New Jersey,@,Chicago,95,110,950.0,-1450.0,189.0,13.5,94.0,0,0.09523809523809523,0.9354838709677419,0.12724610208928544,10.5,0.03200800685119021,9.5,-1.1102230246251565e-16,0.3360840719374971,-1.0
2008-03-16,2008,Miami,vs,Dallas,73,98,3000.0,-4000.0,194.0,16.5,93.5,0,0.03225806451612903,0.975609756097561,0.09246290811914684,31.0,0.06020484360301781,30.0,0.0,1.8663501516935521,-1.0
2012-04-04,2012,Charlotte,@,Atlanta,93,120,1000.0,-1425.0,185.5,13.0,91.0,0,0.09090909090909091,0.9344262295081968,0.1320939487874676,11.0,0.041184857878376696,10.0,1.1102230246251565e-16,0.4530334366621437,-1.0
2012-01-23,2012,Detroit,@,Oklahoma City,79,99,1000.0,-1600.0,186.5,13.5,90.5,0,0.09090909090909091,0.9411764705882353,0.12626514426919758,11.0,0.035356053360106665,10.0,1.1102230246251565e-16,0.38891658696117326,-1.0
2008-03-22,2008,Miami,@,Charlotte,82,94,3000.0,-6000.0,192.5,18.0,96.0,0,0.03225806451612903,0.9836065573770492,0.08089216875403209,31.0,0.048634104237903056,30.0,0.0,1.5076572313749947,-1.0
2016-03-12,2016,Philadelphia,vs,Detroit,111,125,650.0,-1000.0,206.0,11.5,103.5,0,0.13333333333333333,0.9090909090909091,0.15659513809857095,7.5,0.02326180476523762,6.5,0.0,0.1744635357392822,-1.0
2013-03-15,2013,Minnesota,@,Houston,100,108,1380.0,-1980.0,210.5,14.5,106.5,0,0.06756756756756757,0.9519230769230769,0.11438256135178938,14.8,0.04681499378422181,13.8,1.1102230246251565e-16,0.692861908006483,-1.0
2008-12-22,2009,Memphis,vs,LA Lakers,96,105,700.0,-1000.0,206.5,12.0,104.0,0,0.125,0.9090909090909091,0.1497858432185882,8.0,0.024785843218588205,7.0,0.0,0.19828674574870575,-1.0
2012-04-26,2012,Cleveland,@,Chicago,75,107,1750.0,-3700.0,183.0,14.0,89.5,0,0.05405405405405406,0.9736842105263158,0.11534141261622197,18.5,0.06128735856216791,17.5,1.1102230246251565e-16,1.1338161334001065,-1.0
2017-04-08,2017,New Orleans,@,Golden State,101,123,1600.0,-6000.0,216.0,17.0,106.0,0,0.058823529411764705,0.9836065573770492,0.0902545370520881,17.0,0.03143100764032339,16.0,0.0,0.5343271298854976,-1.0
2015-11-21,2016,Philadelphia,@,Miami,91,96,865.0,-1215.0,194.0,12.5,97.5,0,0.10362694300518134,0.9239543726235742,0.14001606879446002,9.65,0.03638912578927868,8.65,0.0,0.3511550638665393,-1.0
2009-02-24,2009,Memphis,@,Cleveland,79,94,1750.0,-3500.0,193.0,15.5,96.0,0,0.05405405405405406,0.9722222222222222,0.10227720342794847,18.5,0.04822314937389441,17.5,1.1102230246251565e-16,0.8921282634170467,-1.0
2013-04-09,2013,Phoenix,@,Houston,98,101,1200.0,-1850.0,214.0,14.5,104.5,0,0.07692307692307693,0.9487179487179487,0.11548407747224158,13.0,0.038561000549164656,12.0,0.0,0.5012930071391405,-1.0
2013-03-06,2013,Orlando,@,Miami,96,97,1800.0,-2600.0,204.0,15.5,101.5,0,0.05263157894736842,0.9629629629629629,0.10320817556118675,19.0,0.05057659661381833,18.0,-1.1102230246251565e-16,0.9609553356625483,-1.0
2010-03-13,2010,Washington,vs,Orlando,95,109,850.0,-1300.0,194.5,11.5,98.0,0,0.10526315789473684,0.9285714285714286,0.15123058215187346,9.5,0.045967424257136624,8.5,-1.1102230246251565e-16,0.4366905304427978,-1.0
2012-01-25,2012,New Jersey,@,Philadelphia,97,90,625.0,-825.0,192.0,11.5,95.5,1,0.13793103448275862,0.8918918918918919,0.1584481371075243,7.25,0.020517102624765693,6.25,0.0,0.14874899402955133,6.25
2022-12-12,2023,Brooklyn,@,Washington,112,100,-200.0,175.0,227.0,-6.0,110.5,1,0.6666666666666666,0.36363636363636365,0.6926287097245659,1.5,0.025962043057899287,0.5,-5.551115123125783e-17,0.038943064586848875,0.5
2015-03-06,2015,LA Lakers,@,Memphis,90,97,525.0,-700.0,196.5,10.0,99.0,0,0.16,0.875,0.18267259790617105,6.25,0.022672597906171044,5.25,0.0,0.14170373691356908,-1.0
2008-04-04,2008,New York,@,New Orleans,110,118,2000.0,-3000.0,210.5,16.0,103.5,0,0.047619047619047616,0.967741935483871,0.09846845649543141,21.0,0.0508494088763838,20.0,0.0,1.0678375864040597,-1.0
2014-12-29,2015,Utah,@,LA Clippers,97,101,695.0,-945.0,202.0,12.0,103.5,0,0.12578616352201258,0.9043062200956937,0.15021074734417483,7.95,0.024424583822162255,6.95,0.0,0.19417544138618992,-1.0
2010-03-13,2010,LA Clippers,@,San Antonio,88,118,650.0,-900.0,195.0,11.5,96.5,0,0.13333333333333333,0.9,0.1571872387722004,7.5,0.023853905438867062,6.5,0.0,0.17890429079150305,-1.0
2018-03-12,2018,San Antonio,@,Houston,93,109,650.0,-1000.0,211.5,11.5,109.5,0,0.13333333333333333,0.9090909090909091,0.1568115777422928,7.5,0.02347824440895946,6.5,0.0,0.17608683306719597,-1.0
2016-11-14,2017,Brooklyn,@,LA Clippers,95,127,1500.0,-5000.0,211.5,16.5,109.5,0,0.0625,0.9803921568627451,0.0944909065749941,16.0,0.031990906574994094,15.0,0.0,0.5118545051999055,-1.0
2011-01-01,2011,Sacramento,@,Denver,86,104,650.0,-900.0,208.5,11.0,101.5,0,0.13333333333333333,0.9,0.16397805040707178,7.5,0.030644717073738448,6.5,0.0,0.22983537805303844,-1.0
2018-12-19,2019,Washington,@,Houston,118,136,600.0,-900.0,225.0,11.0,110.5,0,0.14285714285714285,0.9,0.16564271424137292,7.0,0.02278557138423007,6.0,-1.1102230246251565e-16,0.15949899968961045,-1.0
2011-04-13,2011,New Jersey,@,Chicago,92,97,1000.0,-1800.0,193.0,14.5,93.5,0,0.09090909090909091,0.9473684210526315,0.11604106071562531,11.0,0.0251319698065344,10.0,1.1102230246251565e-16,0.27645166787187825,-1.0
2015-01-07,2015,New York,@,Washington,91,101,1100.0,-2500.0,187.5,14.5,94.5,0,0.08333333333333333,0.9615384615384616,0.11406259922948718,12.0,0.03072926589615385,11.0,0.0,0.3687511907538462,-1.0
2008-01-19,2008,Seattle,@,Dallas,96,111,1100.0,-1800.0,203.0,14.5,99.5,0,0.08333333333333333,0.9473684210526315,0.11576096186200453,12.0,0.032427628528671204,11.0,0.0,0.38913154234405445,-1.0
2016-11-12,2017,Philadelphia,@,Atlanta,96,117,1200.0,-2500.0,207.5,14.5,102.5,0,0.07692307692307693,0.9615384615384616,0.1141761399512474,13.0,0.03725306302817047,12.0,0.0,0.48428981936621607,-1.0
2008-02-02,2008,Charlotte,@,Denver,101,117,850.0,-1300.0,212.0,13.0,104.5,0,0.10526315789473684,0.9285714285714286,0.13483547897534567,9.5,0.029572321080608838,8.5,-1.1102230246251565e-16,0.28093705026578397,-1.0
2008-03-19,2008,Miami,@,Toronto,54,96,2500.0,-5000.0,198.5,18.5,95.0,0,0.038461538461538464,0.9803921568627451,0.07817204985162092,26.0,0.039710511390082456,25.0,0.0,1.032473296142144,-1.0
2016-12-10,2017,Memphis,vs,Golden State,110,89,800.0,-1300.0,211.5,13.0,104.5,1,0.1111111111111111,0.9285714285714286,0.13533319670433144,9.0,0.02422208559322034,8.0,0.0,0.21799877033898296,8.0
2009-04-13,2009,Minnesota,@,Dallas,94,96,625.0,-850.0,201.5,11.5,100.5,0,0.13793103448275862,0.8947368421052632,0.15850189505653828,7.25,0.02057086057377966,6.25,0.0,0.1491387391599025,-1.0
2007-11-30,2008,Portland,@,Dallas,80,91,850.0,-1300.0,198.5,13.0,101.5,0,0.10526315789473684,0.9285714285714286,0.13436718941121392,9.5,0.029104031516477086,8.5,-1.1102230246251565e-16,0.2764882994065323,-1.0
2011-03-21,2011,Golden State,@,San Antonio,96,111,587.0,-763.0,208.5,11.0,101.5,0,0.14556040756914118,0.884125144843569,0.1671214038174439,6.87,0.02156099624830271,5.87,0.0,0.14812404422583958,-1.0
2018-04-08,2018,Dallas,@,Philadelphia,97,109,800.0,-1400.0,215.0,13.0,105.5,0,0.1111111111111111,0.9333333333333333,0.13498039176967982,9.0,0.02386928065856872,8.0,0.0,0.2148235259271184,-1.0
2008-12-03,2009,Indiana,@,Boston,96,114,1700.0,-2700.0,200.5,15.0,99.0,0,0.05555555555555555,0.9642857142857143,0.1075824258738028,18.0,0.05202687031824725,17.0,0.0,0.9364836657284504,-1.0
2007-11-21,2008,Sacramento,@,Phoenix,111,127,1000.0,-1600.0,216.0,14.0,108.0,0,0.09090909090909091,0.9411764705882353,0.12217716227246025,11.0,0.03126807136336934,10.0,1.1102230246251565e-16,0.3439487849970627,-1.0
2008-01-30,2008,Miami,@,Orlando,91,107,1450.0,-2500.0,198.0,16.0,97.5,0,0.06451612903225806,0.9615384615384616,0.09974577904688836,15.5,0.0352296500146303,14.5,-1.1102230246251565e-16,0.5460595752267696,-1.0
2008-04-02,2008,Minnesota,@,Utah,100,117,2000.0,-4000.0,211.5,16.5,106.5,0,0.047619047619047616,0.975609756097561,0.0938816799353085,21.0,0.04626263231626089,20.0,0.0,0.9715152786414786,-1.0
2009-01-28,2009,Sacramento,@,Boston,100,119,1500.0,-3500.0,205.0,17.0,102.0,0,0.0625,0.9722222222222222,0.09101308988443038,16.0,0.02851308988443038,15.0,0.0,0.4562094381508861,-1.0
2007-11-11,2008,Milwaukee,@,San Antonio,88,113,550.0,-700.0,186.5,10.5,93.5,0,0.15384615384615385,0.875,0.17475053088099635,6.5,0.020904377034842492,5.5,1.1102230246251565e-16,0.1358784507264762,-1.0
2019-01-18,2019,Cleveland,@,Utah,99,115,1200.0,-3000.0,215.0,15.5,110.5,0,0.07692307692307693,0.967741935483871,0.10484053596184913,13.0,0.0279174590387722,12.0,0.0,0.36292696750403874,-1.0
2008-12-12,2009,Sacramento,@,LA Lakers,103,112,2300.0,-3600.0,214.0,17.0,107.5,0,0.041666666666666664,0.972972972972973,0.08988876113350551,24.0,0.048222094466838845,23.0,-1.1102230246251565e-16,1.1573302672041323,-1.0
2016-01-27,2016,Dallas,@,Golden State,107,127,2000.0,-9900.0,214.0,18.0,106.5,0,0.047619047619047616,0.99,0.08182878401464548,21.0,0.034209736395597865,20.0,0.0,0.7184044643075551,-1.0
2008-12-07,2009,Milwaukee,@,LA Lakers,92,105,950.0,-1500.0,211.0,14.0,103.0,0,0.09523809523809523,0.9375,0.12270470630414763,10.5,0.0274666110660524,9.5,-1.1102230246251565e-16,0.28839941619355025,-1.0
2009-04-08,2009,Memphis,@,Orlando,78,81,1500.0,-3000.0,196.5,15.0,99.0,0,0.0625,0.967741935483871,0.1076878073340383,16.0,0.045187807334038294,15.0,0.0,0.7230049173446126,-1.0
2012-11-28,2013,Houston,@,Oklahoma City,98,120,555.0,-780.0,210.0,10.5,104.5,0,0.15267175572519084,0.8863636363636364,0.17423525132197298,6.55,0.02156349559678214,5.55,0.0,0.141240896158923,-1.0
2017-03-19,2017,LA Lakers,vs,Cleveland,120,125,700.0,-1100.0,222.5,12.0,109.0,0,0.125,0.9166666666666666,0.14957007736033093,8.0,0.024570077360330927,7.0,0.0,0.1965606188826473,-1.0
2017-12-06,2018,Sacramento,@,Cleveland,95,101,750.0,-1200.0,210.0,12.5,104.0,0,0.11764705882352941,0.9230769230769231,0.14196386698664362,8.5,0.024316808163114212,7.5,0.0,0.2066928693864709,-1.0
2009-04-07,2009,Sacramento,vs,LA Lakers,104,122,775.0,-1100.0,214.0,12.5,105.5,0,0.11428571428571428,0.9166666666666666,0.1424668500979368,8.75,0.02818113581222252,7.75,0.0,0.24658493835694706,-1.0
2013-12-28,2014,Utah,@,LA Clippers,90,98,1500.0,-3000.0,202.0,15.0,101.0,0,0.0625,0.967741935483871,0.10784529284616677,16.0,0.04534529284616677,15.0,0.0,0.7255246855386682,-1.0
2009-02-27,2009,Indiana,@,Boston,99,104,700.0,-1000.0,205.0,12.0,101.5,0,0.125,0.9090909090909091,0.14972896605589545,8.0,0.024728966055895446,7.0,0.0,0.19783172844716368,-1.0
2018-11-02,2019,Minnesota,@,Golden State,99,116,550.0,-800.0,243.5,10.5,119.0,0,0.15384615384615385,0.8888888888888888,0.17549171406582215,6.5,0.02164556021966829,5.5,1.1102230246251565e-16,0.14069614142784392,-1.0
2015-04-03,2015,Denver,@,San Antonio,93,123,915.0,-1265.0,208.5,13.0,103.0,0,0.09852216748768473,0.9267399267399268,0.1343041102349789,10.15,0.03578194274729417,9.15,1.1102230246251565e-16,0.36318671888503595,-1.0
2012-12-08,2013,New Orleans,@,Miami,90,106,1300.0,-2200.0,193.0,14.0,96.0,0,0.07142857142857142,0.9565217391304348,0.11851236161371383,14.0,0.0470837901851424,13.0,-1.1102230246251565e-16,0.6591730625919936,-1.0
2011-01-01,2011,Cleveland,@,Chicago,91,100,1000.0,-1700.0,189.0,13.0,93.0,0,0.09090909090909091,0.9444444444444444,0.1312364315910075,11.0,0.040327340681916596,10.0,1.1102230246251565e-16,0.4436007475010826,-1.0
2010-04-09,2010,Detroit,@,Miami,106,99,650.0,-900.0,184.0,11.5,91.0,1,0.13333333333333333,0.9,0.1567537590684506,7.5,0.023420425735117267,6.5,0.0,0.17565319301337945,6.5
2018-03-21,2018,Memphis,@,Philadelphia,105,119,800.0,-1400.0,208.0,12.5,101.5,0,0.1111111111111111,0.9333333333333333,0.14023462883431032,9.0,0.02912351772319921,8.0,0.0,0.2621116595087929,-1.0
2010-03-07,2010,Washington,@,Boston,83,86,700.0,-1000.0,193.0,12.0,95.5,0,0.125,0.9090909090909091,0.1492745891680844,8.0,0.024274589168084393,7.0,0.0,0.19419671334467514,-1.0
2010-12-03,2011,Sacramento,@,LA Lakers,80,113,900.0,-1400.0,201.0,12.5,96.0,0,0.1,0.9333333333333333,0.13897805394124238,10.0,0.038978053941242374,9.0,0.0,0.38978053941242385,-1.0
2017-12-20,2018,LA Lakers,@,Houston,122,116,1000.0,-2000.0,225.5,15.0,111.5,1,0.09090909090909091,0.9523809523809523,0.11190513030204856,11.0,0.020996039392957647,10.0,1.1102230246251565e-16,0.23095643332253413,10.0
2017-01-19,2017,Phoenix,@,Cleveland,103,118,600.0,-900.0,220.0,11.0,114.0,0,0.14285714285714285,0.9,0.16543703347962402,7.0,0.02257989062248117,6.0,-1.1102230246251565e-16,0.15805923435736813,-1.0
2017-01-13,2017,Brooklyn,@,Toronto,113,132,1100.0,-2500.0,225.0,15.5,116.5,0,0.08333333333333333,0.9615384615384616,0.10607638707259534,12.0,0.022743053739262012,11.0,0.0,0.2729166448711442,-1.0
2012-03-06,2012,New Jersey,@,Miami,78,108,1205.0,-1905.0,197.5,14.0,97.0,0,0.07662835249042145,0.9501246882793017,0.11963632485759884,13.05,0.04300797236717739,12.05,0.0,0.561254039391665,-1.0
2010-02-03,2010,Golden State,@,Dallas,101,110,700.0,-1000.0,218.0,11.5,109.0,0,0.125,0.9090909090909091,0.15623767345406803,8.0,0.031237673454068027,7.0,0.0,0.24990138763254421,-1.0
2015-11-19,2016,Milwaukee,@,Cleveland,100,115,530.0,-680.0,192.5,10.0,94.0,0,0.15873015873015872,0.8717948717948718,0.18275988834029064,6.3,0.024029729610131917,5.3,-1.1102230246251565e-16,0.15138729654383098,-1.0
2017-04-12,2017,Atlanta,@,Indiana,86,104,1100.0,-2500.0,200.5,14.5,102.0,0,0.08333333333333333,0.9615384615384616,0.11445438979487092,12.0,0.031121056461537594,11.0,0.0,0.373452677538451,-1.0
2015-01-16,2015,Minnesota,@,Phoenix,99,110,985.0,-1485.0,216.5,13.5,107.5,0,0.09216589861751152,0.9369085173501577,0.1277643303707016,10.85,0.035598431753190066,9.85,0.0,0.38624298452211214,-1.0
2014-02-27,2014,Milwaukee,@,Indiana,96,101,1510.0,-3110.0,196.0,15.5,97.0,0,0.062111801242236024,0.9688473520249221,0.10318477927849481,16.1,0.04107297803625879,15.100000000000001,1.1102230246251565e-16,0.6612749463837666,-1.0
2011-04-02,2011,Toronto,@,Chicago,106,113,1500.0,-2100.0,196.5,14.5,95.5,0,0.0625,0.9545454545454546,0.1133507771883143,16.0,0.050850777188314294,15.0,0.0,0.8136124350130288,-1.0
2009-10-31,2010,Charlotte,@,Cleveland,79,90,1300.0,-2400.0,181.5,15.0,90.0,0,0.07142857142857142,0.96,0.10854273345328411,14.0,0.03711416202471268,13.0,-1.1102230246251565e-16,0.5195982683459776,-1.0
2015-12-23,2016,New York,@,Cleveland,84,91,850.0,-1500.0,194.5,13.0,97.5,0,0.10526315789473684,0.9375,0.1333463817599561,9.5,0.028083223865219276,8.5,-1.1102230246251565e-16,0.266790626719583,-1.0
2013-11-16,2014,Brooklyn,@,LA Clippers,103,110,1010.0,-1610.0,202.5,14.0,101.0,0,0.09009009009009009,0.9415204678362573,0.12164929719061858,11.1,0.031559207100528494,10.1,-1.1102230246251565e-16,0.35030719881586625,-1.0
2010-11-05,2011,New Jersey,@,Orlando,90,105,1900.0,-4000.0,194.5,16.5,97.0,0,0.05,0.975609756097561,0.09360409243062078,20.0,0.04360409243062077,19.0,1.1102230246251565e-16,0.8720818486124156,-1.0
2010-03-03,2010,Minnesota,@,Dallas,109,112,1200.0,-2000.0,202.0,13.0,101.0,0,0.07692307692307693,0.9523809523809523,0.12971161221372707,13.0,0.05278853529065014,12.0,0.0,0.6862509587784519,-1.0
2014-03-16,2014,Utah,@,San Antonio,104,122,1420.0,-2600.0,200.0,15.0,103.5,0,0.06578947368421052,0.9629629629629629,0.10842002602634324,15.2,0.04263055234213271,14.2,-1.1102230246251565e-16,0.6479843956004172,-1.0
2011-04-09,2011,Minnesota,@,Denver,106,130,1000.0,-1450.0,212.5,13.5,105.5,0,0.09090909090909091,0.9354838709677419,0.12766140822412783,11.0,0.03675231731503692,10.0,1.1102230246251565e-16,0.40427549046540623,-1.0
2016-02-29,2016,Philadelphia,@,Washington,108,116,950.0,-1800.0,214.5,12.5,105.5,0,0.09523809523809523,0.9473684210526315,0.1376031454829464,10.5,0.042365050244851155,9.5,-1.1102230246251565e-16,0.444833027570937,-1.0
2018-11-10,2019,New York,@,Toronto,112,128,1000.0,-2000.0,217.5,14.5,105.0,0,0.09090909090909091,0.9523809523809523,0.1163513702744434,11.0,0.025442279365352483,10.0,1.1102230246251565e-16,0.2798650730188774,-1.0
2013-02-04,2013,Charlotte,@,Miami,94,99,1200.0,-2000.0,198.0,14.0,98.5,0,0.07692307692307693,0.9523809523809523,0.119472868626778,13.0,0.04254979170370107,12.0,0.0,0.5531472921481141,-1.0
2009-02-10,2009,Sacramento,@,Dallas,100,118,550.0,-750.0,212.0,10.5,104.5,0,0.15384615384615385,0.8823529411764706,0.17494151609667183,6.5,0.021095362250517974,5.5,1.1102230246251565e-16,0.13711985462836696,-1.0
2016-11-21,2017,Dallas,@,San Antonio,91,96,1000.0,-2000.0,186.5,13.5,93.0,0,0.09090909090909091,0.9523809523809523,0.12521485557245454,11.0,0.03430576466336363,10.0,1.1102230246251565e-16,0.37736341129700013,-1.0
2017-03-06,2017,Brooklyn,@,Memphis,122,109,600.0,-900.0,213.0,11.0,110.5,1,0.14285714285714285,0.9,0.16514942449189493,7.0,0.02229228163475208,6.0,-1.1102230246251565e-16,0.1560459714432645,6.0
2008-11-26,2009,Golden State,@,Boston,111,119,850.0,-1200.0,205.5,12.5,101.0,0,0.10526315789473684,0.9230769230769231,0.14066833073054805,9.5,0.03540517283581121,8.5,-1.1102230246251565e-16,0.3363491419402065,-1.0
2015-02-04,2015,Orlando,@,San Antonio,103,110,1030.0,-1480.0,201.0,13.5,100.5,0,0.08849557522123894,0.9367088607594937,0.12696270316451097,11.3,0.038467127943272034,10.3,1.1102230246251565e-16,0.434678545758974,-1.0
2007-11-07,2008,Miami,@,San Antonio,78,88,800.0,-1200.0,180.5,11.5,88.5,0,0.1111111111111111,0.9230769230769231,0.1518638407739415,9.0,0.04075272966283039,8.0,0.0,0.3667745669654734,-1.0
2013-03-27,2013,Washington,@,Oklahoma City,80,103,1450.0,-2500.0,198.0,15.0,97.5,0,0.06451612903225806,0.9615384615384616,0.10838707903832494,15.5,0.043870950006066875,14.5,-1.1102230246251565e-16,0.6799997250940365,-1.0
2013-03-24,2013,Charlotte,@,Miami,77,109,1995.0,-2995.0,197.5,16.5,96.0,0,0.0477326968973747,0.9676898222940227,0.09410906060227886,20.95,0.04637636370490416,19.95,-1.1102230246251565e-16,0.971584819617742,-1.0
2021-05-07,2021,Houston,@,Milwaukee,133,141,1400.0,-4000.0,233.0,17.5,112.5,0,0.06666666666666667,0.975609756097561,0.0879359865118674,15.0,0.021269319845200738,14.0,0.0,0.31903979767801105,-1.0
2012-02-07,2012,Cleveland,@,Miami,91,107,1050.0,-1650.0,200.0,13.5,99.0,0,0.08695652173913043,0.9428571428571428,0.1262218140945996,11.5,0.03926529235546916,10.5,-1.1102230246251565e-16,0.4515508620878954,-1.0
2016-03-09,2016,Utah,@,Golden State,94,115,1100.0,-2500.0,209.0,14.0,108.0,0,0.08333333333333333,0.9615384615384616,0.11950440478709073,12.0,0.036171071453757406,11.0,0.0,0.4340528574450888,-1.0
2014-03-09,2014,LA Lakers,vs,Oklahoma City,114,110,730.0,-1130.0,228.0,12.5,112.5,1,0.12048192771084337,0.9186991869918699,0.14333736429680455,8.3,0.022855436585961175,7.300000000000001,0.0,0.18970012366347788,7.300000000000001
2010-03-16,2010,Detroit,vs,Cleveland,101,113,600.0,-800.0,198.5,10.5,95.5,0,0.14285714285714285,0.8888888888888888,0.1723759952509861,7.0,0.029518852393843248,6.0,-1.1102230246251565e-16,0.20663196675690265,-1.0
2008-03-12,2008,Seattle,@,Boston,82,111,2500.0,-5000.0,203.5,18.0,98.5,0,0.038461538461538464,0.9803921568627451,0.0816907938875807,26.0,0.04322925542604224,25.0,0.0,1.123960641077098,-1.0
2014-02-03,2014,Orlando,@,Indiana,79,98,1515.0,-3115.0,188.5,15.0,94.5,0,0.06191950464396285,0.968895800933126,0.10732283001420859,16.15,0.04540332537024574,15.149999999999999,0.0,0.7332637047294686,-1.0
2010-01-20,2010,Indiana,@,Orlando,98,109,750.0,-1100.0,210.0,12.0,102.5,0,0.11764705882352941,0.9166666666666666,0.14839528820712267,8.5,0.030748229383593256,7.5,0.0,0.26135994976054255,-1.0
2018-03-26,2018,Memphis,@,Minnesota,101,93,837.0,-1400.0,215.0,13.0,106.0,1,0.10672358591248667,0.9333333333333333,0.13459463531955818,9.37,0.02787104940707151,8.37,0.0,0.2611517329442601,8.37
2009-04-13,2009,Sacramento,@,Denver,98,118,2250.0,-3500.0,224.0,17.5,110.0,0,0.0425531914893617,0.9722222222222222,0.08650528676427814,23.5,0.04395209527491644,22.5,-1.1102230246251565e-16,1.0328742389605363,-1.0
2008-12-28,2009,Miami,@,Cleveland,86,93,600.0,-800.0,187.0,11.0,92.5,0,0.14285714285714285,0.8888888888888888,0.16538836270756901,7.0,0.022531219850426165,6.0,-1.1102230246251565e-16,0.15771853895298305,-1.0
2019-02-05,2019,Cleveland,vs,Boston,96,103,550.0,-800.0,210.0,10.0,109.0,0,0.15384615384615385,0.8888888888888888,0.18081925169921262,6.5,0.026973097853058764,5.5,1.1102230246251565e-16,0.1753251360448821,-1.0
2016-03-31,2016,Brooklyn,@,Cleveland,87,107,1600.0,-6000.0,211.5,17.0,107.5,0,0.058823529411764705,0.9836065573770492,0.0901445659708343,17.0,0.03132103655906959,16.0,0.0,0.5324576215041831,-1.0
2010-12-15,2011,Cleveland,@,Miami,95,101,2875.0,-4625.0,194.0,16.5,95.5,0,0.03361344537815126,0.9788359788359788,0.09231790571950008,29.75,0.05870446034134882,28.75,0.0,1.7464576951551274,-1.0
2015-12-12,2016,LA Lakers,@,Houston,97,126,650.0,-1000.0,212.5,11.5,104.5,0,0.13333333333333333,0.9090909090909091,0.1568509565577742,7.5,0.02351762322444087,6.5,0.0,0.17638217418330648,-1.0
2009-01-09,2009,LA Clippers,@,New Orleans,80,107,1500.0,-3500.0,184.5,15.5,92.0,0,0.0625,0.9722222222222222,0.10262997389971881,16.0,0.04012997389971881,15.0,0.0,0.6420795823955011,-1.0
2009-11-01,2010,Minnesota,@,Phoenix,112,120,800.0,-1500.0,220.0,13.0,110.5,0,0.1111111111111111,0.9375,0.13473957687497398,9.0,0.023628465763862877,8.0,0.0,0.2126561918747658,-1.0
2011-01-09,2011,Minnesota,@,San Antonio,91,94,710.0,-1060.0,211.0,11.5,104.0,0,0.12345679012345678,0.9137931034482759,0.15528330182078776,8.1,0.03182651169733097,7.1,-1.1102230246251565e-16,0.2577947447483808,-1.0
2008-01-21,2008,Seattle,@,Houston,89,96,700.0,-1000.0,196.5,12.0,97.5,0,0.125,0.9090909090909091,0.1494069981929722,8.0,0.024406998192972207,7.0,0.0,0.19525598554377765,-1.0
2008-02-24,2008,Memphis,@,Cleveland,89,109,650.0,-900.0,195.5,11.5,96.0,0,0.13333333333333333,0.9,0.15720696554603442,7.5,0.023873632212701085,6.5,0.0,0.17905224159525823,-1.0
2016-04-12,2016,Philadelphia,@,Toronto,98,122,750.0,-1200.0,204.5,12.0,103.5,0,0.11764705882352941,0.9230769230769231,0.1474997667854237,8.5,0.029852707961894293,7.5,0.0,0.25374801767610133,-1.0
2012-01-04,2012,New Jersey,@,Boston,70,89,900.0,-1400.0,180.0,12.5,89.0,0,0.1,0.9333333333333333,0.13823140848076831,10.0,0.03823140848076831,9.0,0.0,0.38231408480768314,-1.0
2008-03-04,2008,Seattle,@,Detroit,97,100,1500.0,-3000.0,193.0,15.0,93.5,0,0.0625,0.967741935483871,0.10758769459902262,16.0,0.04508769459902262,15.0,0.0,0.7214031135843619,-1.0
2011-01-22,2011,Toronto,@,Miami,103,120,638.0,-800.0,196.5,10.0,97.0,0,0.13550135501355012,0.8888888888888888,0.1781902043218384,7.38,0.042688849308288285,6.38,-1.1102230246251565e-16,0.31504370789516734,-1.0
2012-04-16,2012,Portland,@,Phoenix,107,125,600.0,-800.0,201.0,11.0,101.0,0,0.14285714285714285,0.8888888888888888,0.16596464937664396,7.0,0.02310750651950111,6.0,-1.1102230246251565e-16,0.16175254563650776,-1.0
2016-04-08,2016,Brooklyn,@,Charlotte,99,113,1100.0,-2500.0,207.0,14.0,106.0,0,0.08333333333333333,0.9615384615384616,0.11944174943406514,12.0,0.036108416100731816,11.0,0.0,0.4333009932087817,-1.0
2014-11-09,2015,Philadelphia,@,Toronto,88,120,900.0,-1600.0,205.5,13.5,99.5,0,0.1,0.9411764705882353,0.12765194515248904,10.0,0.027651945152489033,9.0,0.0,0.27651945152489044,-1.0
2015-04-13,2015,New York,@,Atlanta,112,108,1115.0,-1665.0,195.5,14.5,97.5,1,0.0823045267489712,0.943342776203966,0.11580433422196613,12.15,0.03349980747299494,11.15,0.0,0.40702266079688854,11.15
2021-02-24,2021,Houston,@,Cleveland,96,112,-175.0,155.0,221.5,-5.5,107.5,0,0.6363636363636364,0.39215686274509803,0.6720054339778017,1.5714285714285714,0.035641797614165305,0.5714285714285714,-5.551115123125783e-17,0.05600853910797399,-1.0
2011-01-04,2011,Detroit,@,LA Lakers,83,108,805.0,-1405.0,195.5,12.0,96.5,0,0.11049723756906077,0.9335548172757475,0.14537426789788305,9.05,0.03487703032882228,8.05,0.0,0.3156371244758418,-1.0
2010-12-18,2011,Washington,vs,Miami,94,95,1000.0,-1500.0,194.5,12.0,96.5,0,0.09090909090909091,0.9375,0.14309948475777778,11.0,0.05219039384868687,10.0,1.1102230246251565e-16,0.5740943323355556,-1.0
2014-03-29,2014,New Orleans,@,San Antonio,80,96,1300.0,-2500.0,202.0,14.5,103.5,0,0.07142857142857142,0.9615384615384616,0.11359282866764019,14.0,0.04216425723906876,13.0,-1.1102230246251565e-16,0.5902996013469626,-1.0
2009-12-19,2010,New Jersey,vs,LA Lakers,84,103,1100.0,-1600.0,196.5,13.0,96.0,0,0.08333333333333333,0.9411764705882353,0.13115762808273565,12.0,0.04782429474940232,11.0,0.0,0.5738915369928278,-1.0
2013-02-08,2013,Phoenix,@,Oklahoma City,96,127,1054.0,-1579.0,205.5,14.0,102.0,0,0.08665511265164645,0.9404407385348421,0.1215664491203271,11.54,0.03491133646868065,10.54,0.0,0.40287682284857473,-1.0
2008-02-29,2008,LA Clippers,@,Denver,104,110,1200.0,-2000.0,214.0,14.0,105.0,0,0.07692307692307693,0.9523809523809523,0.11997502020479857,13.0,0.04305194328172164,12.0,0.0,0.5596752626623814,-1.0
2009-03-20,2009,Minnesota,@,Houston,88,107,600.0,-800.0,193.0,11.0,98.5,0,0.14285714285714285,0.8888888888888888,0.16563514600003276,7.0,0.022778003142889913,6.0,-1.1102230246251565e-16,0.15944602200022928,-1.0
2018-12-06,2019,New York,@,Boston,100,128,850.0,-1500.0,218.0,13.5,108.5,0,0.10526315789473684,0.9375,0.12886229259004559,9.5,0.02359913469530875,8.5,-1.1102230246251565e-16,0.22419177960543313,-1.0
2015-01-23,2015,Philadelphia,vs,Toronto,86,91,775.0,-1075.0,196.0,13.0,97.0,0,0.11428571428571428,0.9148936170212766,0.13644175898983008,8.75,0.022156044704115793,7.75,0.0,0.1938653911610133,-1.0
2015-01-23,2015,Sacramento,@,Golden State,101,126,1405.0,-2255.0,217.5,15.5,108.0,0,0.0664451827242525,0.9575371549893843,0.10498579536874438,15.05,0.03854061264449188,14.05,1.1102230246251565e-16,0.5800362202996029,-1.0
2016-03-11,2016,Portland,@,Golden State,112,128,1000.0,-2000.0,228.5,14.0,112.5,0,0.09090909090909091,0.9523809523809523,0.12155307551724102,11.0,0.030643984608150113,10.0,1.1102230246251565e-16,0.3370838306896512,-1.0
2023-01-08,2023,Brooklyn,@,Miami,102,101,-130.0,110.0,223.5,-3.0,108.0,1,0.5652173913043478,0.47619047619047616,0.5892212137925459,1.7692307692307692,0.0240038224881981,0.7692307692307692,-1.1102230246251565e-16,0.04246830132527346,0.7692307692307692
2016-01-13,2016,Dallas,@,Oklahoma City,89,108,799.0,-1299.0,207.0,13.0,103.0,0,0.11123470522803114,0.9285203716940672,0.13519244410628392,8.99,0.023957738878252782,7.99,0.0,0.2153800725154924,-1.0
2008-02-28,2008,Miami,@,LA Lakers,88,106,1200.0,-2000.0,211.0,14.0,103.5,0,0.07692307692307693,0.9523809523809523,0.119880728140851,13.0,0.042957651217774076,12.0,0.0,0.5584494658310631,-1.0
2020-02-24,2020,Washington,vs,Milwaukee,134,137,775.0,-1300.0,243.0,13.0,121.5,0,0.11428571428571428,0.9285714285714286,0.13671687860082046,8.75,0.02243116431510618,7.75,0.0,0.1962726877571791,-1.0
2017-02-11,2017,Phoenix,@,Houston,102,133,1300.0,-3500.0,233.5,16.0,120.0,0,0.07142857142857142,0.9722222222222222,0.10034657871298165,14.0,0.028918007284410227,13.0,-1.1102230246251565e-16,0.40485210198174315,-1.0
2019-03-24,2019,Cleveland,@,Milwaukee,105,127,900.0,-1600.0,223.0,13.5,113.5,0,0.1,0.9411764705882353,0.12823339645702436,10.0,0.028233396457024357,9.0,0.0,0.2823339645702436,-1.0
2008-11-24,2009,Sacramento,@,Portland,90,91,650.0,-1000.0,204.5,11.5,101.5,0,0.13333333333333333,0.9090909090909091,0.15653615134184085,7.5,0.023202818008507514,6.5,0.0,0.17402113506380634,-1.0
2017-03-14,2017,Philadelphia,@,Golden State,104,106,1600.0,-6000.0,221.0,17.0,110.0,0,0.058823529411764705,0.9836065573770492,0.09037686886560632,17.0,0.03155333945384162,16.0,0.0,0.5364067707153075,-1.0
2008-12-21,2009,Oklahoma City,vs,Cleveland,91,102,950.0,-1500.0,194.5,13.0,97.5,0,0.09523809523809523,0.9375,0.13247535525318738,10.5,0.037237260015092144,9.5,-1.1102230246251565e-16,0.3909912301584675,-1.0
2010-04-09,2010,Washington,@,Boston,106,96,550.0,-750.0,194.5,10.5,96.5,1,0.15384615384615385,0.8823529411764706,0.17419059359522984,6.5,0.020344439749075988,5.5,1.1102230246251565e-16,0.13223885836899396,5.5
2022-11-12,2023,Miami,vs,Charlotte,132,115,-170.0,150.0,214.5,-8.0,109.5,1,0.6296296296296297,0.4,0.7181377854545128,1.5882352941176472,0.08850815582488314,0.5882352941176472,1.1102230246251565e-16,0.14057177689834394,0.5882352941176472
2008-12-13,2009,Oklahoma City,@,Dallas,99,103,850.0,-1300.0,204.5,13.0,103.0,0,0.10526315789473684,0.9285714285714286,0.13457514825760677,9.5,0.02931199036286994,8.5,-1.1102230246251565e-16,0.27846390844726443,-1.0
2012-11-09,2013,Detroit,@,Oklahoma City,94,105,625.0,-850.0,197.0,11.5,97.0,0,0.13793103448275862,0.8947368421052632,0.15832323936588683,7.25,0.020392204883128207,6.25,0.0,0.14784348540267955,-1.0
2016-01-22,2016,LA Lakers,vs,San Antonio,95,108,1700.0,-7000.0,200.0,16.5,105.0,0,0.05555555555555555,0.9859154929577465,0.09335312488455562,18.0,0.037797569329000066,17.0,0.0,0.6803562479220011,-1.0
2009-12-23,2010,Portland,@,San Antonio,98,94,775.0,-1200.0,187.0,12.5,94.0,1,0.11428571428571428,0.9230769230769231,0.14082470720407517,8.75,0.026538992918360885,7.75,0.0,0.2322161880356577,7.75
2017-02-15,2017,Sacramento,@,Golden State,86,109,2000.0,-9100.0,225.5,19.0,117.0,0,0.047619047619047616,0.9891304347826086,0.07541645405371729,21.0,0.027797406434669672,20.0,0.0,0.583745535128063,-1.0
2008-04-11,2008,Seattle,@,San Antonio,74,95,1300.0,-2200.0,182.0,15.5,89.0,0,0.07142857142857142,0.9565217391304348,0.10442813844331204,14.0,0.03299956701474062,13.0,-1.1102230246251565e-16,0.4619939382063686,-1.0
2016-04-03,2016,Portland,@,Golden State,111,136,650.0,-1000.0,226.5,11.5,111.5,0,0.13333333333333333,0.9090909090909091,0.15740310543414904,7.5,0.024069772100815706,6.5,0.0,0.18052329075611773,-1.0
2008-01-04,2008,New York,@,San Antonio,93,97,900.0,-1400.0,184.5,12.0,92.5,0,0.1,0.9333333333333333,0.1440128377201085,10.0,0.0440128377201085,9.0,0.0,0.440128377201085,-1.0
2018-02-26,2018,New York,vs,Golden State,111,125,800.0,-1400.0,229.0,12.0,113.0,0,0.1111111111111111,0.9333333333333333,0.14669964974156108,9.0,0.03558853863044997,8.0,0.0,0.32029684767404976,-1.0
2019-01-23,2019,Cleveland,@,Boston,103,123,1100.0,-2500.0,212.5,15.0,110.5,0,0.08333333333333333,0.9615384615384616,0.1101883477611242,12.0,0.02685501442779087,11.0,0.0,0.3222601731334903,-1.0
2008-04-08,2008,LA Clippers,vs,Denver,99,117,750.0,-1100.0,217.0,12.5,108.5,0,0.11764705882352941,0.9166666666666666,0.14288610660281426,8.5,0.025239047779284846,7.5,0.0,0.21453190612392103,-1.0
2009-03-13,2009,Memphis,@,Boston,92,102,800.0,-1200.0,192.5,12.5,96.5,0,0.1111111111111111,0.9230769230769231,0.1407333204883803,9.0,0.0296222093772692,8.0,0.0,0.2665998843954227,-1.0
2009-01-07,2009,Charlotte,@,Cleveland,81,111,1100.0,-1800.0,182.5,14.0,90.5,0,0.08333333333333333,0.9473684210526315,0.11994615186043824,12.0,0.03661281852710491,11.0,0.0,0.43935382232525877,-1.0
2016-03-06,2016,LA Lakers,vs,Golden State,112,95,1900.0,-9000.0,222.0,18.0,111.5,1,0.05,0.989010989010989,0.08220679839246513,20.0,0.032206798392465125,19.0,1.1102230246251565e-16,0.6441359678493025,19.0
2014-12-23,2015,Minnesota,@,Cleveland,104,125,900.0,-2500.0,210.5,14.0,106.0,0,0.1,0.9615384615384616,0.12088035137221281,10.0,0.020880351372212808,9.0,0.0,0.20880351372212802,-1.0
2014-12-03,2015,Orlando,@,LA Clippers,86,114,1435.0,-2285.0,202.0,15.0,100.5,0,0.06514657980456026,0.9580712788259959,0.1088346527596889,15.35,0.04368807295512864,14.35,0.0,0.6706119198612246,-1.0
2018-03-23,2018,Phoenix,@,Cleveland,95,120,1300.0,-3500.0,229.0,15.5,116.5,0,0.07142857142857142,0.9722222222222222,0.10448503562078694,14.0,0.033056464192215515,13.0,-1.1102230246251565e-16,0.4627904986910172,-1.0
2017-03-03,2017,Brooklyn,@,Utah,97,112,800.0,-1400.0,206.5,12.5,107.5,0,0.1111111111111111,0.9333333333333333,0.14018078051055696,9.0,0.029069669399445858,8.0,0.0,0.26162702459501264,-1.0
2008-12-16,2009,New York,@,LA Lakers,114,116,750.0,-1050.0,221.0,13.0,110.0,0,0.11764705882352941,0.9130434782608695,0.13780915588892126,8.5,0.02016209706539185,7.5,0.0,0.17137782505583077,-1.0
2017-01-25,2017,Philadelphia,@,Milwaukee,114,109,600.0,-900.0,207.5,11.0,100.5,1,0.14285714285714285,0.9,0.1649237274877786,7.0,0.02206658463063574,6.0,-1.1102230246251565e-16,0.15446609241445008,6.0
2012-04-23,2012,Cleveland,@,Memphis,101,109,933.0,-1308.0,190.5,12.5,94.0,0,0.0968054211035818,0.9289772727272727,0.1387603167176642,10.33,0.0419548956140824,9.33,0.0,0.4333940716934711,-1.0
2019-01-29,2019,Phoenix,@,San Antonio,124,126,900.0,-1600.0,226.0,13.5,110.5,0,0.1,0.9411764705882353,0.1283333003404551,10.0,0.028333300340455086,9.0,0.0,0.28333300340455103,-1.0
2008-04-02,2008,Milwaukee,@,Washington,110,109,700.0,-1000.0,209.0,11.5,103.0,1,0.125,0.9090909090909091,0.15588468239624417,8.0,0.030884682396244173,7.0,0.0,0.2470774591699535,7.0
2016-12-10,2017,Dallas,@,Houston,87,109,700.0,-1000.0,208.0,12.0,102.5,0,0.125,0.9090909090909091,0.14984273817949068,8.0,0.024842738179490675,7.0,0.0,0.1987419054359254,-1.0
2016-03-10,2016,Chicago,@,San Antonio,101,109,1100.0,-2500.0,201.0,14.5,101.0,0,0.08333333333333333,0.9615384615384616,0.11446948203929122,12.0,0.031136148705957892,11.0,0.0,0.37363378447149465,-1.0
2016-12-20,2017,Brooklyn,@,Toronto,104,116,1100.0,-2500.0,224.0,15.5,119.5,0,0.08333333333333333,0.9615384615384616,0.10604815233942369,12.0,0.02271481900609036,11.0,0.0,0.27257782807308417,-1.0
2008-03-01,2008,New York,@,Orlando,92,118,650.0,-900.0,209.0,11.5,104.0,0,0.13333333333333333,0.9,0.15774034996561656,7.5,0.02440701663228323,6.5,0.0,0.18305262474212414,-1.0
2009-11-06,2010,New Jersey,@,Philadelphia,94,97,800.0,-1000.0,194.0,12.0,98.0,0,0.1111111111111111,0.9090909090909091,0.14798727853613017,9.0,0.03687616742501906,8.0,0.0,0.3318855068251715,-1.0
2018-12-01,2019,Cleveland,vs,Toronto,95,106,750.0,-1200.0,213.0,12.5,103.5,0,0.11764705882352941,0.9230769230769231,0.1420727246645366,8.5,0.024425665841007194,7.5,0.0,0.20761815964856112,-1.0
2012-03-07,2012,Atlanta,@,Miami,86,89,885.0,-1335.0,188.5,12.5,93.0,0,0.10152284263959391,0.9303135888501742,0.13897813272116713,9.85,0.03745529008157322,8.85,-1.1102230246251565e-16,0.36893460730349614,-1.0
2011-01-01,2011,Golden State,@,Miami,107,114,800.0,-1200.0,205.0,12.0,103.5,0,0.1111111111111111,0.9230769230769231,0.14689989495466263,9.0,0.035788783843551525,8.0,0.0,0.32209905459196364,-1.0
2007-11-21,2008,New York,@,Detroit,86,98,600.0,-800.0,192.5,10.5,94.5,0,0.14285714285714285,0.8888888888888888,0.17212124046585536,7.0,0.029264097608712514,6.0,-1.1102230246251565e-16,0.20484868326098749,-1.0
2015-01-23,2015,LA Lakers,@,San Antonio,85,99,1270.0,-2020.0,197.5,14.0,99.0,0,0.072992700729927,0.9528301886792453,0.11910567270469531,13.7,0.04611297197476831,12.7,-1.1102230246251565e-16,0.6317477160543257,-1.0
2010-04-09,2010,New York,@,Orlando,103,118,675.0,-925.0,211.0,12.0,104.5,0,0.12903225806451613,0.9024390243902439,0.15107050583159568,7.75,0.02203824776707955,6.75,0.0,0.17079642019486652,-1.0
2019-02-09,2019,Cleveland,@,Indiana,90,105,950.0,-1800.0,210.0,14.0,108.5,0,0.09523809523809523,0.9473684210526315,0.12176987107998932,10.5,0.02653177584189409,9.5,-1.1102230246251565e-16,0.27858364633988786,-1.0
2011-02-25,2011,New Jersey,@,San Antonio,96,106,675.0,-975.0,194.5,11.0,97.0,0,0.12903225806451613,0.9069767441860465,0.16215462271609413,7.75,0.033122364651578,6.75,0.0,0.25669832604972953,-1.0
2019-04-07,2019,Phoenix,@,Houston,113,149,1800.0,-8000.0,223.0,18.5,108.0,0,0.05263157894736842,0.9876543209876543,0.07902562238480473,19.0,0.026394043437436315,18.0,-1.1102230246251565e-16,0.5014868253112899,-1.0
2016-03-12,2016,Memphis,@,Atlanta,83,95,1100.0,-2500.0,193.0,14.5,97.0,0,0.08333333333333333,0.9615384615384616,0.11422821397758925,12.0,0.030894880644255926,11.0,0.0,0.37073856773107106,-1.0
2010-11-05,2011,LA Clippers,@,Denver,104,111,550.0,-750.0,206.5,10.0,102.5,0,0.15384615384615385,0.8823529411764706,0.18149137642197383,6.5,0.027645222575819972,5.5,1.1102230246251565e-16,0.1796939467428299,-1.0
2008-12-21,2009,New York,@,Boston,105,124,950.0,-1500.0,208.5,13.0,105.0,0,0.09523809523809523,0.9375,0.1329552276661923,10.5,0.03771713242809707,9.5,-1.1102230246251565e-16,0.39602989049501924,-1.0
2015-12-16,2016,Milwaukee,@,LA Clippers,90,103,600.0,-900.0,198.0,11.0,97.5,0,0.14285714285714285,0.9,0.16453447032266477,7.0,0.021677327465521923,6.0,-1.1102230246251565e-16,0.1517412922586534,-1.0
2015-01-28,2015,Brooklyn,@,Atlanta,102,113,925.0,-1500.0,192.0,14.0,96.0,0,0.0975609756097561,0.9375,0.122284762395886,10.25,0.024723786786129895,9.25,0.0,0.25341881455783155,-1.0
2013-02-12,2013,Portland,@,Miami,104,117,625.0,-875.0,198.5,11.0,97.0,0,0.13793103448275862,0.8974358974358975,0.16434506439247812,7.25,0.0264140299097195,6.25,0.0,0.19150171684546635,-1.0
2011-03-09,2011,Detroit,@,San Antonio,104,111,700.0,-1000.0,201.5,11.0,98.0,0,0.125,0.9090909090909091,0.16178024112223208,8.0,0.03678024112223208,7.0,0.0,0.2942419289778567,-1.0
2010-03-11,2010,Chicago,@,Orlando,82,111,900.0,-1275.0,206.5,12.5,100.0,0,0.1,0.9272727272727272,0.13979446611149382,10.0,0.039794466111493815,9.0,0.0,0.3979446611149382,-1.0
2021-12-18,2022,Utah,vs,Washington,103,109,-280.0,240.0,222.5,-10.5,108.5,0,0.7368421052631579,0.29411764705882354,0.7925828697614623,1.3571428571428572,0.05574076449830445,0.3571428571428572,0.0,0.07564818039055604,-1.0
2015-04-13,2015,Minnesota,vs,New Orleans,88,100,1065.0,-1615.0,198.5,14.5,101.0,0,0.08583690987124463,0.9416909620991254,0.11631369172729622,11.65,0.030476781856051585,10.65,0.0,0.35505450862300103,-1.0
2009-11-16,2010,Charlotte,@,Orlando,91,97,700.0,-1000.0,184.5,12.0,92.5,0,0.125,0.9090909090909091,0.14895342720355412,8.0,0.023953427203554117,7.0,0.0,0.19162741762843283,-1.0
2015-12-06,2016,Sacramento,@,Oklahoma City,95,98,650.0,-1000.0,222.0,11.5,110.5,0,0.13333333333333333,0.9090909090909091,0.15722545684439396,7.5,0.023892123511060626,6.5,0.0,0.17919092633295464,-1.0
2009-01-27,2009,Charlotte,@,LA Lakers,117,110,600.0,-800.0,196.0,11.0,97.0,1,0.14285714285714285,0.8888888888888888,0.16575864828082218,7.0,0.02290150542367933,6.0,-1.1102230246251565e-16,0.16031053796575523,6.0
2018-12-15,2019,Chicago,@,San Antonio,98,93,500.0,-700.0,213.5,9.5,109.0,1,0.16666666666666666,0.875,0.19125267471674914,6.0,0.024586008050082486,5.0,-1.1102230246251565e-16,0.1475160483004948,5.0
2016-01-22,2016,Indiana,@,Golden State,110,122,750.0,-1200.0,216.5,12.0,111.5,0,0.11764705882352941,0.9230769230769231,0.14794968082010365,8.5,0.03030262199657424,7.5,0.0,0.2575722869708811,-1.0
2015-12-28,2016,Sacramento,@,Golden State,103,122,1100.0,-2500.0,220.0,14.5,109.5,0,0.08333333333333333,0.9615384615384616,0.11504427254306683,12.0,0.0317109392097335,11.0,0.0,0.3805312705168019,-1.0
2016-11-30,2017,Memphis,@,Toronto,105,120,850.0,-1450.0,195.0,13.5,95.0,0,0.10526315789473684,0.9354838709677419,0.12828750330832053,9.5,0.023024345413583697,8.5,-1.1102230246251565e-16,0.21873128142904508,-1.0
2007-12-02,2008,Cleveland,@,Boston,70,80,1400.0,-2800.0,184.5,15.0,92.5,0,0.06666666666666667,0.9655172413793104,0.10782864408973089,15.0,0.041161977423064225,14.0,0.0,0.6174296613459633,-1.0
2016-04-11,2016,LA Lakers,@,Oklahoma City,79,112,1300.0,-3500.0,216.5,16.0,108.0,0,0.07142857142857142,0.9722222222222222,0.0998904751007892,14.0,0.028461903672217778,13.0,-1.1102230246251565e-16,0.39846665141104887,-1.0
2008-03-11,2008,Memphis,@,Phoenix,111,132,1200.0,-2000.0,223.5,14.0,107.5,0,0.07692307692307693,0.9523809523809523,0.12027403440696019,13.0,0.04335095748388326,12.0,0.0,0.5635624472904825,-1.0
2010-12-19,2011,Phoenix,@,Oklahoma City,113,110,500.0,-650.0,214.5,9.5,106.5,1,0.16666666666666666,0.8666666666666667,0.19240047216782669,6.0,0.02573380550116003,5.0,-1.1102230246251565e-16,0.15440283300696023,5.0
2008-02-24,2008,Seattle,vs,LA Lakers,91,111,575.0,-725.0,212.5,11.0,103.0,0,0.14814814814814814,0.8787878787878788,0.16819499050912004,6.75,0.0200468423609719,5.75,0.0,0.13531618593656025,-1.0
2011-03-25,2011,New Jersey,@,Orlando,85,95,950.0,-1600.0,188.5,13.5,93.0,0,0.09523809523809523,0.9411764705882353,0.12669152334467138,10.5,0.03145342810657614,9.5,-1.1102230246251565e-16,0.3302609951190495,-1.0
2010-03-05,2010,Detroit,@,Cleveland,92,99,750.0,-1200.0,198.5,12.0,100.5,0,0.11764705882352941,0.9230769230769231,0.14727523437778847,8.5,0.029628175554259062,7.5,0.0,0.25183949221120205,-1.0
2019-02-10,2019,Miami,@,Golden State,118,120,900.0,-1600.0,222.0,13.5,108.0,0,0.1,0.9411764705882353,0.1282001099060586,10.0,0.02820010990605859,9.0,0.0,0.2820010990605859,-1.0
2016-03-28,2016,LA Lakers,@,Utah,75,123,950.0,-1800.0,189.5,13.5,93.5,0,0.09523809523809523,0.9473684210526315,0.12614131447562035,10.5,0.03090321923752512,9.5,-1.1102230246251565e-16,0.32448380199401383,-1.0
2008-04-02,2008,Portland,@,LA Lakers,91,104,900.0,-1400.0,205.0,14.0,103.0,0,0.1,0.9333333333333333,0.12328246779578052,10.0,0.023282467795780512,9.0,0.0,0.23282467795780526,-1.0
2015-11-18,2016,New Orleans,@,Oklahoma City,103,110,740.0,-1040.0,212.5,12.0,106.5,0,0.11904761904761904,0.9122807017543859,0.1490968128326198,8.4,0.03004919378500076,7.4,0.0,0.2524132277940063,-1.0
2018-10-26,2019,New York,vs,Golden State,100,128,650.0,-1000.0,225.0,11.5,109.5,0,0.13333333333333333,0.9090909090909091,0.15734387110818465,7.5,0.02401053777485132,6.5,0.0,0.18007903331138486,-1.0
2008-02-29,2008,Indiana,@,Toronto,122,111,650.0,-900.0,208.0,11.0,101.5,1,0.13333333333333333,0.9,0.16395763927093565,7.5,0.03062430593760232,6.5,0.0,0.22968229453201738,6.5
2016-03-26,2016,Philadelphia,@,Portland,105,108,1200.0,-3000.0,219.5,15.0,111.5,0,0.07692307692307693,0.967741935483871,0.10940270982207537,13.0,0.03247963289899844,12.0,0.0,0.42223522768697985,-1.0
2018-10-17,2019,Cleveland,@,Toronto,104,116,797.0,-1300.0,215.5,12.5,106.5,0,0.11148272017837235,0.9285714285714286,0.14102914570260236,8.969999999999999,0.029546425524230008,7.969999999999999,-1.1102230246251565e-16,0.2650314369523431,-1.0
2008-03-06,2008,Indiana,@,San Antonio,97,108,900.0,-1400.0,197.5,13.0,98.0,0,0.1,0.9333333333333333,0.133401678413052,10.0,0.033401678413052,9.0,0.0,0.33401678413052016,-1.0
2021-05-16,2021,Cleveland,@,Brooklyn,109,123,900.0,-1600.0,225.5,13.0,109.5,0,0.1,0.9411764705882353,0.13359257152342627,10.0,0.03359257152342626,9.0,0.0,0.33592571523426273,-1.0
2010-01-11,2010,Minnesota,@,Denver,94,105,1150.0,-1800.0,216.5,13.5,105.0,0,0.08,0.9473684210526315,0.12576175723640118,12.5,0.04576175723640118,11.5,0.0,0.5720219654550147,-1.0
2016-11-07,2017,New Orleans,@,Golden State,106,116,1700.0,-5000.0,220.5,16.5,107.5,0,0.05555555555555555,0.9803921568627451,0.09427248987674955,18.0,0.038716934321193996,17.0,0.0,0.6969048177814918,-1.0
2012-02-07,2012,Charlotte,@,Boston,84,94,1250.0,-1950.0,176.5,14.0,87.0,0,0.07407407407407407,0.9512195121951219,0.11867983959680847,13.5,0.0446057655227344,12.5,-1.1102230246251565e-16,0.6021778345569144,-1.0
2012-01-13,2012,Washington,@,Philadelphia,89,120,1000.0,-1500.0,185.5,13.0,92.0,0,0.09090909090909091,0.9375,0.13179374697864307,11.0,0.04088465606955216,10.0,1.1102230246251565e-16,0.4497312167650739,-1.0
2015-01-19,2015,Boston,@,LA Clippers,93,102,700.0,-1000.0,212.0,12.0,109.0,0,0.125,0.9090909090909091,0.14999454510905028,8.0,0.024994545109050276,7.0,0.0,0.1999563608724022,-1.0
2013-04-11,2013,New York,@,Chicago,111,118,-165.0,145.0,194.0,-4.5,97.0,0,0.6226415094339622,0.40816326530612246,0.6439056730486723,1.606060606060606,0.021264163614710063,0.606060606060606,-1.1102230246251565e-16,0.03415153550241301,-1.0
2012-03-09,2012,Cleveland,@,Oklahoma City,96,90,1005.0,-1555.0,204.0,13.0,100.0,1,0.09049773755656108,0.9395770392749244,0.13218648045188847,11.05,0.04168874289532738,10.05,0.0,0.4606606089933676,10.05
2010-01-06,2010,Washington,@,Cleveland,98,121,1400.0,-2500.0,196.0,14.0,96.0,0,0.06666666666666667,0.9615384615384616,0.11778568872894898,15.0,0.05111902206228232,14.0,0.0,0.7667853309342347,-1.0
2007-11-02,2008,Sacramento,@,San Antonio,80,96,1200.0,-2000.0,191.0,14.5,92.5,0,0.07692307692307693,0.9523809523809523,0.11446928457246369,13.0,0.037546207649386765,12.0,0.0,0.48810069944202805,-1.0
2009-01-10,2009,Golden State,@,Portland,100,113,700.0,-1000.0,210.5,11.5,104.0,0,0.125,0.9090909090909091,0.15594346905039463,8.0,0.030943469050394634,7.0,0.0,0.24754775240315707,-1.0
2012-02-10,2012,Charlotte,vs,Chicago,64,95,900.0,-1400.0,180.5,12.5,87.0,0,0.1,0.9333333333333333,0.1382491465480665,10.0,0.03824914654806649,9.0,0.0,0.3824914654806649,-1.0
2011-01-14,2011,New Jersey,@,LA Lakers,88,100,1100.0,-2000.0,192.0,13.5,95.0,0,0.08333333333333333,0.9523809523809523,0.12476933027035363,12.0,0.0414359969370203,11.0,0.0,0.49723196324424346,-1.0
2015-12-27,2016,Denver,@,Oklahoma City,112,122,1700.0,-5000.0,207.0,17.0,102.5,0,0.05555555555555555,0.9803921568627451,0.09005742926739749,18.0,0.034501873711841935,17.0,0.0,0.6210337268131547,-1.0
2016-12-31,2017,New York,@,Houston,122,129,800.0,-1400.0,224.0,12.5,110.0,0,0.1111111111111111,0.9333333333333333,0.14081008861866184,9.0,0.02969897750755074,8.0,0.0,0.2672907975679566,-1.0
2012-12-18,2013,Charlotte,@,LA Lakers,100,101,860.0,-1260.0,205.5,12.5,104.0,0,0.10416666666666667,0.9264705882352942,0.14021919531412153,9.6,0.036052528647454854,8.6,0.0,0.3461042750155666,-1.0
2017-04-12,2017,Brooklyn,@,Chicago,73,112,1200.0,-3000.0,212.5,15.0,109.0,0,0.07692307692307693,0.967741935483871,0.10919976902165775,13.0,0.03227669209858082,12.0,0.0,0.41959699728155075,-1.0
2009-01-11,2009,Miami,@,LA Lakers,105,108,550.0,-725.0,203.5,10.5,100.5,0,0.15384615384615385,0.8787878787878788,0.17501495879525097,6.5,0.02116880494909712,5.5,1.1102230246251565e-16,0.13759723216913133,-1.0
2021-01-06,2021,Detroit,@,Milwaukee,115,130,650.0,-1000.0,226.5,11.5,111.0,0,0.13333333333333333,0.9090909090909091,0.15740310543414904,7.5,0.024069772100815706,6.5,0.0,0.18052329075611773,-1.0
2007-11-13,2008,Philadelphia,@,Dallas,84,99,600.0,-800.0,192.5,11.0,96.5,0,0.14285714285714285,0.8888888888888888,0.16561456945832687,7.0,0.022757426601184017,6.0,-1.1102230246251565e-16,0.15930198620828806,-1.0
2014-11-24,2015,Indiana,@,Dallas,111,100,1000.0,-1800.0,197.5,14.0,102.5,1,0.09090909090909091,0.9473684210526315,0.12102473412416234,11.0,0.03011564321507143,10.0,1.1102230246251565e-16,0.33127207536578585,10.0
2008-04-04,2008,Miami,@,Washington,95,109,2200.0,-3200.0,183.0,16.5,91.0,0,0.043478260869565216,0.9696969696969697,0.09332452863224196,23.0,0.04984626776267674,22.0,0.0,1.1464641585415651,-1.0
2017-03-31,2017,Philadelphia,@,Cleveland,105,122,973.0,-1777.0,215.0,12.5,105.0,0,0.09319664492078285,0.946723494938732,0.13750346580442932,10.73,0.04430682088364647,9.73,0.0,0.47541218808152663,-1.0
2010-11-10,2011,LA Clippers,@,San Antonio,95,107,1150.0,-1800.0,195.0,13.5,96.0,0,0.08,0.9473684210526315,0.12505950760272083,12.5,0.04505950760272083,11.5,0.0,0.5632438450340103,-1.0
2012-04-08,2012,Detroit,@,Miami,75,98,685.0,-975.0,189.0,11.5,93.5,0,0.12738853503184713,0.9069767441860465,0.1555754009615912,7.85,0.028186865929744065,6.85,-1.1102230246251565e-16,0.22126689754849072,-1.0
2014-04-12,2014,Philadelphia,@,Charlotte,105,111,760.0,-1200.0,206.5,12.0,102.5,0,0.11627906976744186,0.9230769230769231,0.14744498146487692,8.6,0.03116591169743506,7.6,-1.1102230246251565e-16,0.26802684059794146,-1.0
2018-03-24,2018,Chicago,@,Detroit,95,117,800.0,-1400.0,208.5,13.0,108.0,0,0.1111111111111111,0.9333333333333333,0.13475454253706265,9.0,0.023643431425951544,8.0,0.0,0.21279088283356384,-1.0
2016-01-08,2016,New York,@,San Antonio,99,100,1300.0,-3500.0,196.0,14.5,99.5,0,0.07142857142857142,0.9722222222222222,0.11250022765526674,14.0,0.04107165622669531,13.0,-1.1102230246251565e-16,0.5750031871737342,-1.0
2011-03-21,2011,Cleveland,vs,Orlando,86,97,760.0,-1040.0,194.0,12.5,94.5,0,0.11627906976744186,0.9122807017543859,0.14237975666318398,8.6,0.026100686895742117,7.6,-1.1102230246251565e-16,0.22446590730338212,-1.0
2008-03-19,2008,Seattle,vs,Phoenix,98,110,800.0,-1200.0,228.0,12.0,111.0,0,0.1111111111111111,0.9230769230769231,0.14776032332540903,9.0,0.03664921221429793,8.0,0.0,0.32984290992868126,-1.0
2008-04-08,2008,Memphis,vs,Phoenix,113,127,750.0,-1100.0,225.0,12.0,108.0,0,0.11764705882352941,0.9166666666666666,0.14896067653862932,8.5,0.03131361771509991,7.5,0.0,0.26616575057834924,-1.0
2011-03-23,2011,Washington,@,LA Clippers,119,127,900.0,-1500.0,203.5,13.5,99.5,0,0.1,0.9375,0.1279349927030432,10.0,0.0279349927030432,9.0,0.0,0.27934992703043193,-1.0
2008-12-19,2009,Sacramento,@,Houston,96,107,1000.0,-1400.0,204.5,13.0,103.0,0,0.09090909090909091,0.9333333333333333,0.13285129504037896,11.0,0.04194220413128805,10.0,1.1102230246251565e-16,0.46136424544416854,-1.0
2011-12-28,2012,Charlotte,vs,Miami,95,96,600.0,-800.0,195.0,11.0,97.5,0,0.14285714285714285,0.8888888888888888,0.16571747265707734,7.0,0.022860329799934492,6.0,-1.1102230246251565e-16,0.16002230859954136,-1.0
2008-12-23,2009,Oklahoma City,@,Atlanta,88,99,700.0,-1000.0,193.0,12.0,97.0,0,0.125,0.9090909090909091,0.1492745891680844,8.0,0.024274589168084393,7.0,0.0,0.19419671334467514,-1.0
2014-03-11,2014,Milwaukee,@,Minnesota,101,112,1400.0,-3300.0,214.5,15.0,106.5,0,0.06666666666666667,0.9705882352941176,0.10827290581003964,15.0,0.04160623914337297,14.0,0.0,0.6240935871505945,-1.0
2012-04-01,2012,Golden State,@,LA Lakers,112,120,520.0,-720.0,197.0,10.0,99.0,0,0.16129032258064516,0.8780487804878049,0.18245202219036782,6.2,0.021161699609722667,5.2,0.0,0.13120253758028055,-1.0
2013-03-11,2013,Detroit,@,Utah,90,103,600.0,-800.0,196.0,11.0,96.0,0,0.14285714285714285,0.8888888888888888,0.16575864828082218,7.0,0.02290150542367933,6.0,-1.1102230246251565e-16,0.16031053796575523,-1.0
2017-01-12,2017,Detroit,@,Golden State,107,127,900.0,-1600.0,218.5,13.5,107.0,0,0.1,0.9411764705882353,0.1280836650111132,10.0,0.0280836650111132,9.0,0.0,0.2808366501111321,-1.0
2016-11-28,2017,Philadelphia,@,Toronto,95,122,1000.0,-2000.0,206.5,15.0,101.5,0,0.09090909090909091,0.9523809523809523,0.11134405041685151,11.0,0.0204349595077606,10.0,1.1102230246251565e-16,0.2247845545853666,-1.0
2010-03-06,2010,LA Clippers,@,Utah,85,107,1250.0,-2000.0,206.5,14.5,101.5,0,0.07407407407407407,0.9523809523809523,0.11471968413638724,13.5,0.04064561006231317,12.5,-1.1102230246251565e-16,0.5487157358412277,-1.0
2014-01-08,2014,LA Lakers,@,Houston,99,113,900.0,-1800.0,212.0,13.5,104.5,0,0.1,0.9473684210526315,0.12727999501546455,10.0,0.027279995015464548,9.0,0.0,0.27279995015464564,-1.0
2008-01-18,2008,Philadelphia,@,Boston,89,116,595.0,-745.0,185.5,10.5,94.0,0,0.14388489208633093,0.8816568047337278,0.17281447251023893,6.95,0.028929580423908002,5.95,0.0,0.20106058394616055,-1.0
2011-04-03,2011,Cleveland,@,New York,107,123,1025.0,-1500.0,218.0,12.0,105.0,0,0.08888888888888889,0.9375,0.1437721647369142,11.25,0.05488327584802531,10.25,0.0,0.6174368532902849,-1.0
2020-02-08,2020,Golden State,vs,LA Lakers,120,125,900.0,-1600.0,224.5,14.0,110.5,0,0.1,0.9411764705882353,0.12318727730988867,10.0,0.023187277309888663,9.0,0.0,0.23187277309888665,-1.0
2019-03-31,2019,Charlotte,@,Golden State,90,137,600.0,-900.0,230.0,11.0,111.0,0,0.14285714285714285,0.9,0.16584859990038367,7.0,0.02299145704324082,6.0,-1.1102230246251565e-16,0.16094019930268566,-1.0
2015-12-16,2016,Philadelphia,@,Atlanta,106,127,1100.0,-2500.0,199.0,13.5,99.0,0,0.08333333333333333,0.9615384615384616,0.12414557682213141,12.0,0.04081224348879808,11.0,0.0,0.4897469218655769,-1.0
2020-01-13,2020,New Orleans,@,Detroit,117,110,-112.0,-108.0,221.5,-5.0,108.0,1,0.5283018867924528,0.5192307692307693,0.6180022689717284,1.8928571428571428,0.08970038217927556,0.8928571428571428,-5.551115123125783e-17,0.16979000912505726,0.8928571428571428
2016-04-09,2016,Memphis,vs,Golden State,99,100,841.0,-1427.0,213.5,13.0,107.5,0,0.10626992561105207,0.9345121152586772,0.1343858231866927,9.41,0.028115897575640633,8.41,0.0,0.26457059618677825,-1.0
2011-01-11,2011,Cleveland,@,LA Lakers,57,112,1550.0,-4400.0,197.5,16.0,95.0,0,0.06060606060606061,0.9777777777777777,0.09823452518922841,16.5,0.037628464583167806,15.5,0.0,0.6208696656222689,-1.0
2010-11-02,2011,Minnesota,@,Miami,97,129,1850.0,-4600.0,194.0,16.5,95.5,0,0.05128205128205128,0.9787234042553191,0.0934483191763205,19.5,0.04216626789426922,18.5,0.0,0.8222422239382496,-1.0
2017-03-05,2017,New York,vs,Golden State,105,112,550.0,-800.0,219.5,10.5,108.5,0,0.15384615384615385,0.8888888888888888,0.1744599736090869,6.5,0.020613819762933056,5.5,1.1102230246251565e-16,0.13398982845906493,-1.0
2014-12-21,2015,New York,@,Toronto,108,118,740.0,-1040.0,197.0,12.0,98.0,0,0.11904761904761904,0.9122807017543859,0.14851216803898712,8.4,0.029464548991368078,7.4,0.0,0.24750221152749186,-1.0
2011-03-21,2011,Toronto,@,Denver,90,123,760.0,-1040.0,214.0,12.5,106.0,0,0.11627906976744186,0.9122807017543859,0.14310856527020915,8.6,0.026829495502767295,7.6,-1.1102230246251565e-16,0.2307336613237987,-1.0
2015-02-08,2015,LA Lakers,@,Cleveland,105,120,1270.0,-2020.0,197.5,14.0,99.0,0,0.072992700729927,0.9528301886792453,0.11910567270469531,13.7,0.04611297197476831,12.7,-1.1102230246251565e-16,0.6317477160543257,-1.0
2009-04-15,2009,Golden State,@,Phoenix,113,117,440.0,-540.0,239.5,9.0,116.0,0,0.18518518518518517,0.84375,0.2063326002003218,5.4,0.021147415015136617,4.4,0.0,0.11419604108173775,-1.0
2008-02-06,2008,New Jersey,@,Orlando,84,100,550.0,-750.0,201.5,10.5,104.0,0,0.15384615384615385,0.8823529411764706,0.1744906569578852,6.5,0.020644503111731355,5.5,1.1102230246251565e-16,0.13418927022625393,-1.0
2014-03-17,2014,Utah,@,Houston,86,124,720.0,-1100.0,203.0,12.5,104.0,0,0.12195121951219512,0.9166666666666666,0.1427729638625642,8.2,0.02082174435036907,7.199999999999999,-1.1102230246251565e-16,0.17073830367302623,-1.0
2016-03-28,2016,Sacramento,@,Portland,93,105,850.0,-1500.0,220.0,13.0,108.0,0,0.10526315789473684,0.9375,0.1342263991700206,9.5,0.02896324127528377,8.5,-1.1102230246251565e-16,0.27515079211519566,-1.0
2014-01-02,2014,Brooklyn,@,Oklahoma City,95,93,695.0,-1000.0,202.5,12.0,99.5,1,0.12578616352201258,0.9090909090909091,0.14970964328694136,7.95,0.023923479764928784,6.95,0.0,0.19019166413118382,6.95
2013-11-07,2014,LA Lakers,@,Houston,99,98,970.0,-1700.0,216.5,13.5,108.5,1,0.09345794392523364,0.9444444444444444,0.1271579965197779,10.7,0.03370005259454427,9.7,-1.1102230246251565e-16,0.3605905627616236,9.7
2019-03-12,2019,New York,@,Indiana,98,103,600.0,-900.0,208.5,11.0,103.5,0,0.14285714285714285,0.9,0.16496474488758298,7.0,0.022107602030440127,6.0,-1.1102230246251565e-16,0.15475321421308086,-1.0
2009-11-24,2010,New Jersey,@,Denver,87,101,1050.0,-1500.0,205.0,13.5,102.5,0,0.08695652173913043,0.9375,0.12689136432239875,11.5,0.03993484258326832,10.5,-1.1102230246251565e-16,0.45925068970758565,-1.0
2008-03-07,2008,Seattle,@,Philadelphia,83,117,625.0,-825.0,203.0,11.0,99.0,0,0.13793103448275862,0.8918918918918919,0.1651800527485518,7.25,0.02724901826579318,6.25,0.0,0.19755538242700066,-1.0
2015-01-09,2015,Utah,@,Oklahoma City,94,99,650.0,-950.0,198.0,11.5,102.0,0,0.13333333333333333,0.9047619047619048,0.15676810839747302,7.5,0.023434775064139685,6.5,0.0,0.1757608129810475,-1.0
2010-01-23,2010,New Jersey,@,Utah,83,116,2000.0,-3000.0,201.0,16.5,100.0,0,0.047619047619047616,0.967741935483871,0.0941868532266719,21.0,0.04656780560762429,20.0,0.0,0.97792391776011,-1.0
2007-11-09,2008,Minnesota,@,LA Lakers,93,107,600.0,-800.0,204.0,11.0,103.0,0,0.14285714285714285,0.8888888888888888,0.1660883484381526,7.0,0.023231205581009745,6.0,-1.1102230246251565e-16,0.1626184390670682,-1.0
